"","country","date","rain","temperature","evaporation","total_runoff","soil_moist"
"1","BW",1991-01-16,278.227422708963,23.5527395853182,150.920160020781,0.0267825241368299,160.778722437417
"2","BW",1991-02-15,193.232169193102,23.2302089784204,134.020977270812,8.52184184712802,273.166014880669
"3","BW",1991-03-16,57.208171305559,22.302331691835,121.558555615952,2.23942723689727,235.809954387386
"4","BW",1991-04-16,4.59430323107659,20.552156029678,91.1566734614941,0.107289965473105,161.827413047232
"5","BW",1991-05-16,8.18710981718429,19.1518346274771,33.0150944311931,1.47852324627342e-05,107.85455415307
"6","BW",1991-06-16,5.94399675759544,15.3067024044874,5.83035181590254,0,99.2142106963367
"7","BW",1991-07-16,1.77315731565968,15.2505262421399,1.96623711744462,0,99.1250210273557
"8","BW",1991-08-16,0.0999858956570889,18.3632120272009,0.0998707844247769,0,99.0830081846656
"9","BW",1991-09-16,3.86539900562905,24.2198315131955,3.850615980521,0,99.1024452767721
"10","BW",1991-10-16,105.211588240331,23.9783734577458,93.695900007293,0,110.169371256014
"11","BW",1991-11-16,111.771171506517,24.4363790372523,86.2723598441268,0,111.947066516411
"12","BW",1991-12-16,320.813586406137,21.4530706638243,135.316842589698,7.49410655876967,231.196259289253
"13","BW",1992-01-16,58.0856043095814,23.1669921875,137.696463663256,7.04496829061056,269.189486619903
"14","BW",1992-02-15,115.356975771975,22.932595601896,129.356648823212,1.1461593628437,249.060106603111
"15","BW",1992-03-15,43.3555918884827,22.4820913919588,113.172688839173,0.305756414693379,186.99511849008
"16","BW",1992-04-15,17.1160996563608,20.1079384408346,56.279283559955,0.00599785575420476,119.688001865294
"17","BW",1992-05-15,10.7550809271144,18.1336655035252,15.0676962868602,0,100.597619219524
"18","BW",1992-06-15,5.06566067234394,18.4271210461128,5.18912249567731,0,99.2811577029345
"19","BW",1992-07-15,0.578602693667563,15.8663441727801,0.565213165452028,0,99.0841637588129
"20","BW",1992-08-15,0.600768606807655,20.0774551019436,0.608881533350829,0,99.0834449209818
"21","BW",1992-09-15,0.643523719404362,22.7719964748476,0.649772229821349,0,99.0836014166111
"22","BW",1992-10-15,18.9969775544851,25.8029383217416,16.5708478946571,0,99.3751723126667
"23","BW",1992-11-15,257.000323600794,23.1080694431212,140.248157402001,0.900484450628538,141.95106059749
"24","BW",1992-12-16,158.317474477709,21.7238918397485,137.679338292787,1.35263466082361,222.417915902487
"25","BW",1993-01-16,127.335515901412,23.072890863186,154.397417311329,2.11160295926706,215.700369113829
"26","BW",1993-02-15,117.156853734675,22.8252243414158,130.599120141166,0.703018153260392,204.095800632384
"27","BW",1993-03-16,32.5737511737715,23.0831425364424,99.4513123516255,0.17445037694447,154.383171639791
"28","BW",1993-04-16,17.4149242630825,22.2442001714939,42.5233834276896,0.0010444403039994,112.005715160835
"29","BW",1993-05-16,4.34012903444854,19.9809190703601,6.38307861172063,0,99.2502370694788
"30","BW",1993-06-16,0.717530572595623,15.208787127239,0.712893699329004,0,99.0705750628215
"31","BW",1993-07-16,3.99471510949874,15.6359997260861,3.85650110192506,0,99.1529096277749
"32","BW",1993-08-16,0.00885057027876955,18.1970006431021,0.150304935328488,0,99.0797720188048
"33","BW",1993-09-16,28.0648741846984,23.1407225073838,27.5870712818975,0,99.4008223370808
"34","BW",1993-10-16,70.1789057237187,25.5335216987424,54.991296506856,0,100.534062083175
"35","BW",1993-11-16,73.3665809526517,25.863139827077,86.5333243557138,0,102.285050182808
"36","BW",1993-12-16,135.346826663377,24.474155332984,127.619455204482,0,107.031303777927
"37","BW",1994-01-16,142.272665475995,22.966437363043,139.661681857074,0,112.668910887183
"38","BW",1994-02-15,128.680096800643,23.0496922934927,124.717348988918,0,120.559842923792
"39","BW",1994-03-16,53.7243138469909,23.5114708877192,69.7977374797607,0,102.905853457567
"40","BW",1994-04-16,7.62436000336382,23.3521527546208,8.3022032830319,0,99.1597861313238
"41","BW",1994-05-16,11.9879916982538,18.4935734446456,12.0344785685586,0,99.3200601717321
"42","BW",1994-06-16,1.44392261444875,16.2395175840796,1.44686838185163,0,99.0733798887671
"43","BW",1994-07-16,0.633954185786934,14.8178673720942,0.627264808894679,0,99.0735492241092
"44","BW",1994-08-16,0.182055775021248,17.5643362650057,0.185677666712397,0,99.0732420014172
"45","BW",1994-09-16,0.121697432915403,23.5799515887005,0.121327772972552,0,99.0729042611471
"46","BW",1994-10-16,80.3051022990187,24.8583924828506,79.0210828555623,0,100.205739835413
"47","BW",1994-11-16,132.011570391336,24.1093980742664,110.726061617819,0,106.21985979778
"48","BW",1994-12-16,104.437126222964,23.2066687607183,125.940200919001,0,109.019149035942
"49","BW",1995-01-16,179.884877625467,22.8916625976562,147.83585415784,0,120.260207571634
"50","BW",1995-02-15,327.017612214677,22.1835044302591,119.010874618799,19.6403315479717,271.373282827982
"51","BW",1995-03-16,46.2956914446095,21.7560328041635,123.48365862939,10.4989584608369,282.914879031298
"52","BW",1995-04-16,15.8129503997327,20.5874179747046,93.4400633460183,0.52873449815723,194.69893162425
"53","BW",1995-05-16,2.40690281856054,16.1862316596799,57.167580037551,0.000394410459726138,123.469383984077
"54","BW",1995-06-16,1.59375932892034,16.2208847418064,2.44027203761351,0,99.0932354810761
"55","BW",1995-07-16,0.826955543846829,15.1308139707984,0.845716137068737,0,99.0576972031012
"56","BW",1995-08-16,0.216672303994107,20.040424626048,0.217893510925822,0,99.0574530624762
"57","BW",1995-09-16,3.27464445537061,25.0438567370903,3.29064918678785,0,99.0748389639506
"58","BW",1995-10-16,39.269816954606,26.4588526283823,39.1591844209981,0,99.7939203774057
"59","BW",1995-11-16,197.063618805259,24.1018810737424,134.353880353113,0.00367602239925984,137.940222205185
"60","BW",1995-12-16,184.457108654684,23.7107767244665,143.076530256502,0.0366754417954916,165.858311909001
"61","BW",1996-01-16,182.30728301214,23.5050019054878,145.870301104435,3.3451486626533,263.621563050805
"62","BW",1996-02-15,299.13039842064,23.1479164681784,136.637070451909,25.5494926606255,312.625018980445
"63","BW",1996-03-15,15.5832832798762,22.7711911085175,118.522003724626,24.0559522146554,301.472986360876
"64","BW",1996-04-15,1.15036098005232,21.3750573135004,92.8550431243621,0.432727446198833,194.436658905774
"65","BW",1996-05-15,2.94557886768083,17.9161101550591,53.1627130040295,0,116.070602603075
"66","BW",1996-06-15,1.25503176755823,18.4464610030012,1.29615411961135,0,99.0600727360423
"67","BW",1996-07-15,0.243230990539947,15.2097205185308,0.265671472963798,0,99.0556616434237
"68","BW",1996-08-15,1.10576554655093,16.5433215629764,1.10871037326566,0,99.0558194416325
"69","BW",1996-09-15,12.7759137884401,21.1665597310881,12.7711982779324,0,99.5424778635909
"70","BW",1996-10-15,36.6377454997103,26.6051382669588,36.6146095303631,0,99.5261429577339
"71","BW",1996-11-15,92.8140481048059,26.2263592975896,90.6813779232524,0,100.439394322837
"72","BW",1996-12-16,187.530713507951,24.7154637778677,155.432935292469,0,125.915217888065
"73","BW",1997-01-16,165.757839424286,23.9567856207127,157.576910755029,0,135.718351410656
"74","BW",1997-02-15,139.217280950852,24.0529599073457,129.589945081303,0,144.571640386814
"75","BW",1997-03-16,27.4551913510971,24.823169243045,79.4218659335634,0,121.570732116699
"76","BW",1997-04-16,8.41375766180047,22.7950015184356,8.4944817284761,0,99.2501663580173
"77","BW",1997-05-16,0.483582179718147,19.3787037919207,0.48824280347395,0,99.0792009307117
"78","BW",1997-06-16,0.775408886533469,17.8429349573647,0.776921652154337,0,99.0790580191263
"79","BW",1997-07-16,5.08584904741505,15.4499623368426,5.07453103399734,0,99.3107988311023
"80","BW",1997-08-16,0.41209519639579,18.9833493116425,0.427292941223707,0,99.078595231219
"81","BW",1997-09-16,0.385501038641539,22.535241848085,0.385674767380251,0,99.0779958585413
"82","BW",1997-10-16,65.1823264969053,26.5092862757241,53.5712320380986,0,106.335525884861
"83","BW",1997-11-16,77.3463089873719,25.400759068931,87.3371127101297,0,104.243115867057
"84","BW",1997-12-16,128.02603225644,24.6042577231802,108.225863769923,0,108.61650866997
"85","BW",1998-01-16,132.651244061318,24.1771545410156,119.764657433304,0,110.363642622785
"86","BW",1998-02-15,136.700346118702,22.2657746105659,129.074667880266,0,146.22048131431
"87","BW",1998-03-16,138.105420499796,22.2125340903677,124.150114526927,0.0651955403265131,184.550979986423
"88","BW",1998-04-16,18.7077131328207,23.2312927246094,65.7134332038212,0.00648742809248369,126.073365188226
"89","BW",1998-05-16,2.7758322854979,17.9722781297637,11.601077284798,0,100.654948164777
"90","BW",1998-06-16,1.15123098482688,15.9867680247237,1.16328631735619,0,99.0787195345251
"91","BW",1998-07-16,3.08406041832069,16.4682862816787,3.08711945437564,0,99.119772190001
"92","BW",1998-08-16,0.144549425700494,18.7318852122237,0.147807602827304,0,99.0786905056093
"93","BW",1998-09-16,0.967279632066759,22.8194155809356,0.970990091612227,0,99.0783797473442
"94","BW",1998-10-16,57.0383649357742,26.3294424661776,49.62495654245,0,100.536964602587
"95","BW",1998-11-16,106.084638535011,25.532851800686,76.72421578687,0,101.945571713331
"96","BW",1998-12-16,182.867518786863,22.9757489460271,160.564458595657,0,155.798882833341
"97","BW",1999-01-16,312.550536572093,22.8386639850896,143.901137081145,0.323132915460005,203.700262302306
"98","BW",1999-02-15,283.478923214645,22.2550428437024,123.39157647476,91.2030124349701,384.67948429759
"99","BW",1999-03-16,100.370433710646,21.2536092618616,124.139665909645,65.7493840553798,366.499721620141
"100","BW",1999-04-16,12.3950978345309,19.9087330887957,97.2068650256161,5.28086803032926,257.960231501882
"101","BW",1999-05-16,6.46969843473926,15.6459931164253,82.7519134597047,0.0860497513172493,176.696784042731
"102","BW",1999-06-16,2.65684126360411,15.2610994664634,42.8937181486839,0,111.579406180033
"103","BW",1999-07-16,1.54088128124496,15.4948462509527,1.57699323412444,0,99.0449721173542
"104","BW",1999-08-16,2.98836581359643,20.008416152582,2.99654424730628,0,99.1258608190025
"105","BW",1999-09-16,1.46095597452453,24.8981784727515,1.45728604734248,0,99.0439726666706
"106","BW",1999-10-16,32.769601372718,28.2253097906345,32.6382307757385,0,99.4058925349538
"107","BW",1999-11-16,156.764639234852,25.0420896948838,121.546861772403,0,120.680785388481
"108","BW",1999-12-16,162.443406835607,22.909316644436,147.789004948785,0.000167483318764924,136.478941754597
"109","BW",2000-01-16,222.499935023157,22.7095530440168,151.122232928032,0.00262791704652764,169.791391884408
"110","BW",2000-02-15,50.7018445132062,22.77685546875,124.970499494272,0.0212888509770991,186.709461119117
"111","BW",2000-03-15,133.59441375729,22.5281803782393,118.147007567899,0.000363122164571385,144.538932428127
"112","BW",2000-04-15,10.9038799065918,19.7807989353087,70.9663962238332,2.59659891637012e-05,127.248229236138
"113","BW",2000-05-15,5.39096499985423,18.4307377512862,10.2212725832321,0,100.102666157048
"114","BW",2000-06-15,1.78868548209721,16.010044004859,1.9418153100471,0,99.1005842627549
"115","BW",2000-07-15,0.792779928710066,14.0973533072122,0.764764970029696,0,99.0778509000452
"116","BW",2000-08-15,0.337202879229996,18.346833764053,0.363122925905483,0,99.0780341915968
"117","BW",2000-09-15,10.0533942231112,22.0564292349466,10.0525899365382,0,99.4562212316001
"118","BW",2000-10-15,17.2643024999671,28.5866163300305,15.0119687981049,0,99.1428338027582
"119","BW",2000-11-15,194.348323530881,24.0736337056974,133.5428357749,0,107.687773913872
"120","BW",2000-12-16,315.560237905465,22.4444915027153,150.114447452276,14.3255945655882,249.702061909001
"121","BW",2001-01-16,185.553576546812,23.1880016792111,158.95768418062,16.2262776709701,308.845228055628
"122","BW",2001-02-15,58.4271658263056,23.7554045886528,121.411531304986,13.7559018049726,293.492339157477
"123","BW",2001-03-16,79.7625824739509,21.3692247344226,119.36054489087,2.6610874339717,236.969129981064
"124","BW",2001-04-16,5.67857791212169,19.6766201112329,81.2627941443835,0.0997207640677423,165.603208030142
"125","BW",2001-05-16,2.51482263339734,18.068864775867,32.3372821236795,0,105.927288334544
"126","BW",2001-06-16,10.2646407149888,15.8809367854421,10.1390423951671,0,99.5891044430616
"127","BW",2001-07-16,4.17887700217451,15.8245276474371,4.30332154683572,0,99.1901827556331
"128","BW",2001-08-16,0.320954556822493,17.8076439834223,0.323592852552748,0,99.0707523997237
"129","BW",2001-09-16,0.0468594746895932,23.6949388457508,0.0543999175524815,0,99.070665685142
"130","BW",2001-10-16,15.457502419836,27.3719087926353,15.4567816339805,0,99.1913604736328
"131","BW",2001-11-16,115.107864487871,25.695466576553,96.7086198109361,0,106.355545416111
"132","BW",2001-12-16,159.966703337083,22.9286260837462,143.218437760569,0.000635393372102421,138.0194566308
"133","BW",2002-01-16,153.229560872551,23.411723811452,141.983435914295,0.0213821891526877,153.076852751941
"134","BW",2002-02-15,129.156718729064,23.5529323670922,118.040301381588,0.0109834315326253,139.188706932998
"135","BW",2002-03-16,141.111587864352,22.3383841165682,133.048930104038,0.0735646803206691,187.569437538705
"136","BW",2002-04-16,14.2595953919936,21.224416593226,69.3583786217836,0.0278829419385591,131.236041743581
"137","BW",2002-05-16,11.8336345443024,19.1856220524485,21.6271932895591,2.8789816793965e-05,103.643997378466
"138","BW",2002-06-16,1.23919437633382,16.9894364519817,1.77136619079581,0,99.1019927234184
"139","BW",2002-07-16,0.792890685516329,16.4539288776677,0.780678774947041,0,99.0745765872118
"140","BW",2002-08-16,0.347222439562557,17.3831839212557,0.368955403181888,0,99.073979075362
"141","BW",2002-09-16,12.3288919939802,24.6221953601372,11.9853770983598,0,99.1613116380645
"142","BW",2002-10-16,25.8315660898494,26.3174847858708,25.5544491646749,0,99.4446919138839
"143","BW",2002-11-16,71.3416430403524,25.2588143697599,71.8013319476485,0,100.289817065727
"144","BW",2002-12-16,133.859140818325,25.6433522294207,111.917968540134,0,111.779593677056
"145","BW",2003-01-16,218.075587398872,24.4645073123095,141.986965842931,0.000475241495015636,129.864493207234
"146","BW",2003-02-15,211.527109236979,23.2901514565073,131.397074675642,0.489954894981346,238.941554371904
"147","BW",2003-03-16,70.1729099784421,22.9795859732279,131.962003927712,1.6336160418638,248.014873225514
"148","BW",2003-04-16,16.1871719871514,20.0862999892817,94.699265185471,0.212824534808688,174.99917863055
"149","BW",2003-05-16,4.32774414626559,16.1541651283823,38.3094395100914,0.00103167233173458,112.455518769055
"150","BW",2003-06-16,0.804771887720651,16.6259006407203,2.46472751525023,0,99.3639690120046
"151","BW",2003-07-16,1.35716547285106,14.5417167849657,1.36441325695803,0,99.1064343336152
"152","BW",2003-08-16,0.0923295356286173,19.975093190263,0.105482843657794,0,99.0742291706364
"153","BW",2003-09-16,9.18134118245046,24.0435612376143,7.49153367679555,0,99.1195196756503
"154","BW",2003-10-16,47.9520480719213,25.8054571384337,48.6592535768556,0,100.248750826208
"155","BW",2003-11-16,88.7898266536933,26.9236904237329,78.1062492808304,0,102.873275198588
"156","BW",2003-12-16,165.154289122296,24.2338815084318,158.790395555666,0,126.162593562429
"157","BW",2004-01-16,230.004985620858,23.3418489781822,155.961533371791,0.000326125248952488,169.699355706936
"158","BW",2004-02-15,142.928854066015,23.24918198004,135.489644902111,0.157153699315173,213.241579753597
"159","BW",2004-03-15,29.0980872884464,23.6979697622904,103.294985289345,0.0697839798084609,152.516685671923
"160","BW",2004-04-15,7.40785191551478,21.0552710556402,32.2292220426323,0,106.856570174054
"161","BW",2004-05-15,3.86233861921405,20.0553239031536,3.84724127776813,0,99.078709672137
"162","BW",2004-06-15,1.60567366423848,15.3746799375953,1.6305175018582,0,99.0790375500191
"163","BW",2004-07-15,0.260002238622114,15.5315886706841,0.261003551912193,0,99.0790926305259
"164","BW",2004-08-15,0.11623285141723,19.8445918385576,0.119832795519969,0,99.0784539943788
"165","BW",2004-09-15,0.352549265288672,25.3114705899866,0.348988490514319,0,99.0780008827768
"166","BW",2004-10-15,12.1911998959571,28.5204884598895,11.5883809258798,0,99.1122978024366
"167","BW",2004-11-15,236.427620024897,23.4224592999714,146.183414061031,0,161.010694364222
"168","BW",2004-12-16,192.612026410359,23.3606507836319,135.917874909199,0.0032204652456401,190.957110149104
"169","BW",2005-01-16,491.689633177139,23.6280941846894,145.876351154477,210.343150609431,388.491887534537
"170","BW",2005-02-15,319.112433588541,22.8631606683498,119.251402039308,199.613418895751,413.034979099181
"171","BW",2005-03-16,47.4468001508773,23.2240935534966,125.195107442077,32.3499714512741,317.87015514839
"172","BW",2005-04-16,9.00357317217773,19.8141084996665,96.0029312324279,1.34021964447861,226.62484480695
"173","BW",2005-05-16,2.5876636728687,16.1219832257527,80.2249433543737,0.00207104343351014,143.157319603897
"174","BW",2005-06-16,3.60080169966528,16.2817062750095,10.7157601987859,0,99.8396615749452
"175","BW",2005-07-16,0.546742328857008,17.0994858160252,0.569270453562661,0,99.0398103667468
"176","BW",2005-08-16,1.46779532724062,19.858972316835,1.47774511788711,0,99.0428998993664
"177","BW",2005-09-16,0.0594539677056967,23.1815259979992,0.0595996399690218,0,99.0399186669326
"178","BW",2005-10-16,41.3315919341474,27.3428553139291,40.5893124422774,0,99.7034593907798
"179","BW",2005-11-16,78.699687527061,26.9508823301734,76.9232552705855,0,100.846070638517
"180","BW",2005-12-16,175.787931654557,24.3544817668636,157.971568326693,0,110.354777638505
"181","BW",2006-01-16,271.645384638502,24.3977966308594,148.033203144569,0.0737649149399739,172.795161549638
"182","BW",2006-02-15,127.25551311699,24.3666865651201,135.976352812949,0.326032264038437,240.129197283489
"183","BW",2006-03-16,54.5520109930871,22.6136980754573,126.211277478681,0.175478383809664,202.303508851586
"184","BW",2006-04-16,8.17007861663048,20.9735062762005,67.2617032488655,0.00359236616668447,125.144952169279
"185","BW",2006-05-16,6.73430601340575,19.2164678806212,10.3675503584272,0,99.6296991487829
"186","BW",2006-06-16,3.73605291377583,15.4917446229516,3.92082295720906,0,99.1459635292612
"187","BW",2006-07-16,0.171959119160053,15.5534087390434,0.17068859107739,0,99.0772107752358
"188","BW",2006-08-16,0.157592584644579,19.9834341653963,0.161827138185799,0,99.0767591522961
"189","BW",2006-09-16,11.8847246208688,26.6540460353945,11.8890202392344,0,99.3041887981136
"190","BW",2006-10-16,12.7986851545823,28.1147029225419,12.8132716286927,0,99.2788005921899
"191","BW",2006-11-16,59.5902868066687,26.9473765303449,58.2859818440317,0,99.8955950853301
"192","BW",2006-12-16,106.990020140358,25.9234276748285,106.175739064006,0,101.107487376143
"193","BW",2007-01-16,289.607717276823,23.2068756847847,143.484719340099,4.59057827514623,200.757436612757
"194","BW",2007-02-15,303.960293985722,23.0718413562309,131.026265218218,101.758856018285,338.693745682879
"195","BW",2007-03-16,56.1151531920342,22.5680914157774,124.902871036164,10.1402414057014,273.621190140887
"196","BW",2007-04-16,4.47441166246923,19.9434122225134,94.7041009814002,0.336010780396847,188.676027251453
"197","BW",2007-05-16,1.63810712330105,17.671845226753,46.9348768728839,3.79537834526454e-05,114.016004236733
"198","BW",2007-06-16,1.68309796026733,15.1350812214177,1.66422902209267,0,99.0479563271127
"199","BW",2007-07-16,0.245136598502496,17.2545545624524,0.28988096916869,0,99.0476009089772
"200","BW",2007-08-16,0.587537398486369,16.9249423887671,0.593385558380671,0,99.0474717675186
"201","BW",2007-09-16,1.8711022412168,24.873993664253,1.87929409096286,0,99.0588239344155
"202","BW",2007-10-16,11.2613404378197,27.7526319550305,10.5584484929639,0,99.1484226133765
"203","BW",2007-11-16,87.8105938474352,25.0185197039348,83.4042590761716,0,103.385205524724
"204","BW",2007-12-16,154.152952226038,23.3854303127382,122.933211972051,0,115.572651188548
"205","BW",2008-01-16,108.546997678875,23.5848210032393,127.160247446538,0.00212009239838031,138.283556124059
"206","BW",2008-02-15,112.183717329612,22.9055146008003,118.439879608284,8.17982579231911e-05,113.004786049447
"207","BW",2008-03-15,125.763689039457,21.3435884801353,123.376389010525,0,115.544304452291
"208","BW",2008-04-15,19.3592726104615,22.4121160739805,33.3889533727282,0,102.494266975217
"209","BW",2008-05-15,4.92324764344652,20.3864924733232,4.92919383710925,0,99.1178006428044
"210","BW",2008-06-15,3.28609065967967,15.916533679497,3.25561966578456,0,99.1581097114377
"211","BW",2008-07-15,0.799161222416509,15.8285209841845,0.845587949561377,0,99.0873156291683
"212","BW",2008-08-15,0.0354823919247715,18.6697625881288,0.0420295181694719,0,99.0820118973895
"213","BW",2008-09-15,0.11379685046139,23.2119028975324,0.117000110919446,0,99.0819482570741
"214","BW",2008-10-15,17.8178782169508,28.0233533905774,17.8307973149037,0,99.2052394587819
"215","BW",2008-11-15,121.752711296899,26.1363116008479,106.271420520299,0,101.026586393031
"216","BW",2008-12-16,215.078935845437,24.3077012969226,147.541207665998,0,125.428250382586
"217","BW",2009-01-16,168.103547943699,24.3236158417492,148.45762424364,0.158883318333816,189.187694270436
"218","BW",2009-02-15,33.3513487729517,25.7001424649866,107.216281640889,0.180045689606293,161.389966266911
"219","BW",2009-03-16,44.486105838924,25.485329976896,68.5563119856652,0.0094427900631622,112.756183531226
"220","BW",2009-04-16,0.619162934598779,24.3604237626238,5.0084877056201,0,99.7435641405059
"221","BW",2009-05-16,1.16019392077161,21.0346113995808,1.16244382732076,0,99.0753940489234
"222","BW",2009-06-16,0.239082466639114,16.7336760730278,0.238687739671904,0,99.0758706069574
"223","BW",2009-07-16,0.116731905730032,18.8350316489615,0.130972584521459,0,99.0756247915873
"224","BW",2009-08-16,0.025308994990607,18.5797535966082,0.0236691895103655,0,99.0754720176138
"225","BW",2009-09-16,0.0114313527619424,23.892287091511,0.0127228710780284,0,99.0757262067097
"226","BW",2009-10-16,36.7128179177199,27.9047442180354,35.2046966068617,0,99.3199915071813
"227","BW",2009-11-16,143.404011716839,25.1237606885957,135.458549694726,0,109.740870033822
"228","BW",2009-12-16,155.645586578062,24.0323173709032,135.046531049898,0,114.339745870451
"229","BW",2010-01-16,68.4475650870321,25.2535616246665,98.3113494312686,0,107.466633866473
"230","BW",2010-02-15,288.94904935051,24.1647115567835,127.766795094102,1.43442872208739,188.354795130288
"231","BW",2010-03-16,66.7789241155644,22.9074654928068,127.066594658692,2.3085631395077,237.479215296303
"232","BW",2010-04-16,4.06413219490964,21.5174724299733,78.1564740790622,0.256850835106994,154.722803627572
"233","BW",2010-05-16,3.6408457200351,19.2380735816025,25.1588339739101,0.000551816001673132,108.339403105945
"234","BW",2010-06-16,1.08242233335016,18.4704344214463,2.50470947907072,0,99.2470167206555
"235","BW",2010-07-16,0.769026648335634,18.5565178103564,0.776928743790649,0,99.0702756556069
"236","BW",2010-08-16,0.854079404351113,17.9372633026867,0.858354487103852,0,99.0703318526105
"237","BW",2010-09-16,4.95335669460828,23.4548220750762,4.87701181217988,0,99.1166558614591
"238","BW",2010-10-16,2.25447744786634,28.6155075445408,2.18133833560808,0,99.071345817752
"239","BW",2010-11-16,114.964116739518,25.6874732040777,107.906778791647,0,107.096956950862
"240","BW",2010-12-16,236.938395254632,23.5190705090034,155.076927504298,0,115.498203370629
"241","BW",2011-01-16,236.894118214003,23.2972159036776,149.800854181962,10.9113156391129,279.99336726491
"242","BW",2011-02-15,75.6951775867492,23.7991132038396,131.694968720535,2.84065081321324,235.272783605064
"243","BW",2011-03-16,116.899547946821,22.3624848156441,123.560141367134,0.622165536346425,218.976795847823
"244","BW",2011-04-16,28.6750809201494,20.7217384896628,92.5574357175586,0.14307483764961,167.175895690918
"245","BW",2011-05-16,4.33389053676631,16.6759033203125,37.55088528379,0.000196743324929255,112.010366114174
"246","BW",2011-06-16,3.70848155966442,14.6654462116521,5.37069645857938,0,99.3541118342702
"247","BW",2011-07-16,1.4123658806367,14.5066528320312,1.57714911338633,0,99.1098733297208
"248","BW",2011-08-16,0.558907685454847,17.1251391899295,0.569770889956644,0,99.0782960100872
"249","BW",2011-09-16,0.203968612180877,23.2563379799448,0.199209841420403,0,99.078392587057
"250","BW",2011-10-16,25.4072016127061,28.3218569871856,22.5165041837921,0,99.1924624559356
"251","BW",2011-11-16,135.404946095106,25.2644980826029,103.206209435196,0,104.613508457091
"252","BW",2011-12-16,212.099945818063,23.5513945788872,157.5841265157,0,154.241766208556
"253","BW",2012-01-16,215.598954959977,23.7116922518102,145.302822476071,1.79619963925914,243.912108630669
"254","BW",2012-02-15,333.051429705399,23.1007161954554,128.6949386417,97.3224143678779,331.773405121594
"255","BW",2012-03-15,117.051829800163,22.4510624583174,126.154930045169,53.6390454046163,347.340114686547
"256","BW",2012-04-15,4.02050196081712,19.354513773104,96.6488653254445,3.76502383469193,247.589585467083
"257","BW",2012-05-15,8.61756290431935,15.9735955959413,82.0433716059708,0.0259325950239551,163.633363305069
"258","BW",2012-06-15,1.60100303975657,14.5484827553354,30.4086669000354,0,106.35797212182
"259","BW",2012-07-15,0.915182813383669,15.9740161430545,0.946427549337297,0,99.0529102232398
"260","BW",2012-08-15,0.427532041035969,18.5418053603754,0.417468870530062,0,99.0514932027677
"261","BW",2012-09-15,0.381656029950003,24.1431311630621,0.399954306838636,0,99.051483898628
"262","BW",2012-10-15,124.42014705668,28.2219037311833,37.931956890218,5.89831310871665,105.070238252965
"263","BW",2012-11-15,133.772726744277,24.4091134420256,131.422349149588,3.93031240498492,184.607559576267
"264","BW",2012-12-16,150.738404225842,24.050978497761,155.331641099154,1.01365406756584,178.500781733815
"265","BW",2013-01-16,403.196541995105,22.7460155952268,147.669962009063,58.7364536023951,286.796221105064
"266","BW",2013-02-15,64.8648133995466,24.0971932760099,123.62922382223,45.9063539734194,324.913889443002
"267","BW",2013-03-16,42.2720207247838,23.402446467702,121.358779431945,1.96636426862318,225.549750351324
"268","BW",2013-04-16,2.76995096535801,20.5257456709699,80.5942654239139,0.0110719550413827,139.994658493414
"269","BW",2013-05-16,0.645005347759274,19.0955088545637,7.23656382838826,0,99.7369721575481
"270","BW",2013-06-16,1.55798229144882,18.3412423482756,1.45387117685814,0,99.0525038184189
"271","BW",2013-07-16,1.27586906634262,16.7287337140339,1.35453728128307,0,99.0553683769412
"272","BW",2013-08-16,0.395506253988881,19.6067006180926,0.423924070186353,0,99.0469477583722
"273","BW",2013-09-16,6.26408042541986,25.6803097608613,5.98211020964877,0,99.0650625461485
"274","BW",2013-10-16,18.3154235356885,27.1182362626238,18.5923173300646,0,99.2326535480778
"275","BW",2013-11-16,116.659011004674,25.8516376774485,102.790381813354,0,104.204967033572
"276","BW",2013-12-16,288.412447269188,23.3345552770103,139.742919410829,0.00611897670000456,134.257208661335
"277","BW",2014-01-16,256.592970880362,23.0776516053735,147.969534668061,19.2387692737656,331.413242247046
"278","BW",2014-02-15,119.936765831464,23.36931182117,134.127109797626,17.7495477182319,322.431252084127
"279","BW",2014-03-16,70.9432153640281,22.3828325969417,130.522251961094,6.78365816382034,278.568913157393
"280","BW",2014-04-16,2.44517840851253,21.0607061618712,97.2418563536982,0.648306108064666,203.351087988877
"281","BW",2014-05-16,5.66484227289571,17.3313271127096,60.8867036867262,0.00052800446036857,122.584465026855
"282","BW",2014-06-16,2.40354587119172,14.6215128084509,5.28792036329389,0,99.4307690131955
"283","BW",2014-07-16,1.11517730262521,15.8502844833746,1.11660501778294,0,99.0750983633646
"284","BW",2014-08-16,3.89323289929918,19.6465454101562,3.9013295973546,0,99.1252580968345
"285","BW",2014-09-16,1.25876984761484,24.6630010837462,0.966783435836899,0,99.075653820503
"286","BW",2014-10-16,13.2737742790352,28.5140298982946,13.5701269297875,0,99.2288541096013
"287","BW",2014-11-16,207.049596966699,24.804477598609,131.942746201076,6.55800194636651e-05,111.86430842702
"288","BW",2014-12-16,145.767003219722,24.2182140815549,151.555273631338,0.0490418336184808,172.333051169791
"289","BW",2015-01-16,138.253367240484,24.4692874071075,147.166159937567,0.0329869617289438,160.633852516733
"290","BW",2015-02-15,62.5484058798132,24.8989242925877,110.726288174529,0.00193186294559493,126.896672318621
"291","BW",2015-03-16,62.3713611795499,25.8087448492283,74.4941201369085,0,105.95024927651
"292","BW",2015-04-16,1.51644814366414,25.0053651391006,1.52104984623825,0,99.0798992994355
"293","BW",2015-05-16,3.39064975145802,20.1455182331364,3.39720070949669,0,99.0811272597894
"294","BW",2015-06-16,9.20204089765675,15.7986554401677,9.15384296914875,0,99.5521742657917
"295","BW",2015-07-16,0.61449205419172,15.3604178079744,0.672635167412165,0,99.0845521136028
"296","BW",2015-08-16,0.351169329210057,16.8576399640339,0.356819728721148,0,99.0807662591702
"297","BW",2015-09-16,0.690571841493316,25.5732302782012,0.697198081536221,0,99.0798310070503
"298","BW",2015-10-16,5.51674202023849,27.4718047351372,5.5219091313741,0,99.0894583725348
"299","BW",2015-11-16,166.436301700476,26.2599204458841,127.846124425826,0,124.112304315334
"300","BW",2015-12-16,136.455143213829,23.9537852217512,146.343304887244,0,138.491942987209
"301","BW",2016-01-16,358.130363991098,23.6752780821265,140.893145456694,3.58034623781089,208.948816811166
"302","BW",2016-02-15,154.018504212031,23.687058611614,142.531276947149,50.4977994261137,337.821277897532
"303","BW",2016-03-15,116.799968690895,22.2256432510004,128.73384438245,11.8000189103979,302.055036591321
"304","BW",2016-04-15,9.58747460141994,19.6296193192645,98.063869904386,2.94224584448829,232.483812285633
"305","BW",2016-05-15,3.25281301792995,17.6857686856898,72.4935007016118,0.0444675095761989,151.345804726205
"306","BW",2016-06-15,0.882775336743557,15.1297503215511,21.0958662020369,0,104.082479895615
"307","BW",2016-07-15,0.270681325309297,18.2297184641768,0.276581816761769,0,99.0700596134837
"308","BW",2016-08-15,0.380081713236483,19.4831781154726,0.377224651809939,0,99.0699952288372
"309","BW",2016-09-15,2.51219407698777,26.6672348394627,2.51096207857034,0,99.0701941513434
"310","BW",2016-10-15,84.2611925196607,26.3862155821265,81.6978234267459,0,114.486258530035
"311","BW",2016-11-15,214.82796068928,24.1799063333651,141.70426072655,1.15721834871936,142.795286039027
"312","BW",2016-12-16,195.407341557509,23.8680606004668,152.005564000049,0.70177020831424,197.214195437548
"313","BW",2017-01-16,97.6840640250707,24.1470522996856,148.223255329379,0.715989048366304,186.616160136897
"314","BW",2017-02-15,210.300340226329,23.7547979587462,121.725696249206,2.0346927190256,251.19681865413
"315","BW",2017-03-16,10.4122718707935,25.4183535692168,110.326941794341,0.830210821018319,198.644675650248
"316","BW",2017-04-16,3.34986207523864,22.0715257598133,53.0207872427304,0.00483271142986557,118.969871893162
"317","BW",2017-05-16,21.2494875091801,21.1680625357279,23.1888147173932,0,100.517936148295
"318","BW",2017-06-16,1.71168137648038,17.5543793468941,1.82178206683247,0,99.0852493658298
"319","BW",2017-07-16,0.388456805842175,15.643661871189,0.386273589641882,0,99.0796039860423
"320","BW",2017-08-16,0.380869606270031,18.3470131478659,0.379078972608157,0,99.0792074436095
"321","BW",2017-09-16,0.180960049112023,23.6905137969226,0.184545104583244,0,99.0792545225562
"322","BW",2017-10-16,5.98104255818393,27.5839426924543,5.97863403931026,0,99.0797139609732
"323","BW",2017-11-16,128.195542995477,25.9999538514672,122.786868542501,0,103.353175465654
"324","BW",2017-12-16,159.796532400509,23.8100950659775,153.997407214739,0,117.930242584973
"325","BW",2018-01-16,117.01607337937,24.8774830887957,127.692216699205,0,108.089806161276
"326","BW",2018-02-15,197.281856056893,24.1117613257431,119.388743120859,0.000328698651750661,143.905864436452
"327","BW",2018-03-16,58.8023592541903,22.8286676174257,100.377034413395,0.036336171385014,155.511713353599
"328","BW",2018-04-16,7.98212410722399,21.4593319776582,37.9081556505897,0.00694123473996339,118.406191570003
"329","BW",2018-05-16,12.2751398767943,18.8012025414444,18.3481633460249,0,101.573201807534
"330","BW",2018-06-16,2.69576025101099,16.441890065263,3.51551200490177,0,99.2638263237186
"331","BW",2018-07-16,2.52674685941712,16.0613879692264,2.51446139381431,0,99.080606041885
"332","BW",2018-08-16,9.8769881261233,20.3642310165777,9.89718285961383,0,99.47265625
"333","BW",2018-09-16,5.65978247591485,24.3369021532012,5.66062263573169,0,99.1670718309356
"334","BW",2018-10-16,18.7162568782763,27.2442671612995,18.2456687366428,0,99.1960616693264
"335","BW",2018-11-16,97.4213629109195,27.2457491246665,95.7864547324389,0,100.522928377477
"336","BW",2018-12-16,209.560114276459,23.390539401915,148.510579589936,0,123.277643715463
"337","BW",2019-01-16,137.295352023595,24.4586777105564,138.436583679158,3.72079162852831,186.094540479707
"338","BW",2019-02-15,78.5436675991727,25.4865618449886,111.971373565313,0.27052310640915,139.678755411288
"339","BW",2019-03-16,59.0691087815752,24.6254257574314,75.4036806486888,0.00483861370560689,117.475110682046
"340","BW",2019-04-16,5.04571737678262,25.4127502441406,13.2949437575895,0,101.159695881169
"341","BW",2019-05-16,1.26638983592784,20.9445555151963,1.22856342840151,0,99.0791657610637
"342","BW",2019-06-16,1.59208593956974,14.9934930568788,1.63380328256874,0,99.0801560936904
"343","BW",2019-07-16,0.915375546287023,18.0718487995427,0.92614165001223,0,99.0791315218298
"344","BW",2019-08-16,0.135049317504731,20.2563119283537,0.138306671881282,0,99.0792132121761
"345","BW",2019-09-16,1.54626505323771,24.1414519519341,1.48727108231336,0,99.0791158908751
"346","BW",2019-10-16,17.3362788927412,27.5142576636338,17.3585339544111,0,99.2111688009122
"347","BW",2019-11-16,153.144623257969,24.5427365186738,139.150889868644,0,110.892983041159
"348","BW",2019-12-16,212.923356987218,23.6130244557451,159.896386863959,0,151.548050671089
"349","BW",2020-01-16,176.635034674233,23.8477991615854,159.063595110869,0.0262602920856363,174.585087659882
"350","BW",2020-02-15,104.723072157486,24.3226258812881,142.503116834375,0.0512552815690669,162.916149604611
"351","BW",2020-03-15,16.8482332095531,26.2005049542683,61.1779375042604,0.00539145485236104,119.810814462057
"352","BW",2020-04-15,32.4066683813992,24.5931083865282,35.920214280983,0,100.393366557796
"353","BW",2020-05-15,2.17287107547813,20.7460297375191,2.39754789607814,0,99.0958519912348
"354","BW",2020-06-15,0.692895544566787,18.2565880752192,0.706971516392958,0,99.0799755933808
"355","BW",2020-07-15,0.543599350459506,16.6108577076982,0.55199089250026,0,99.0795427648033
"356","BW",2020-08-15,0.238997385540421,20.3799721322409,0.237648606133273,0,99.0792939721084
"357","BW",2020-09-15,0.605485136913292,26.4252803151201,0.610254744775907,0,99.0793782676138
"358","BW",2020-10-15,1.19780387233665,28.0066022175114,1.17167476957836,0,99.0791400816382
"359","BW",2020-11-15,184.928829906645,26.4769041480088,108.651700426779,10.3711297809396,125.525479386492
"360","BW",2020-12-16,196.956899425117,24.0001257919683,163.711021961815,2.16794614488452,178.751905301722
"361","BW",2021-01-16,166.897813158064,23.5799739186357,151.004288441831,2.513009063534,216.651136444836
"362","BW",2021-02-15,269.840543733047,23.828630400867,124.077573724136,39.9821579497844,308.20069624738
"363","BW",2021-03-16,55.0844997653124,23.6527203815739,120.989448082259,13.2984529840842,277.277152456888
"364","BW",2021-04-16,4.05518384286552,20.1025993533251,86.2951403620039,0.605611751452632,191.84969664783
"365","BW",2021-05-16,1.49661925203717,18.2062117413777,54.9079321550557,3.31559868341146e-05,121.722693094393
"366","BW",2021-06-16,2.16956991230623,16.1778601669683,2.75542877907134,0,99.0894842380431
"367","BW",2021-07-16,0.537799096214368,16.2202751345751,0.627753395828244,0,99.061916258277
"368","BW",2021-08-16,0.246475950514584,20.0703392959223,0.238535857458717,0,99.054334314858
"369","BW",2021-09-16,1.76789995410262,23.4681552793921,1.7656783743294,0,99.0732468395698
"370","BW",2021-10-16,14.7707139028282,30.1511669624143,14.6660353758773,0,99.1286937434499
"371","BW",2021-11-16,142.36311894762,27.3437581876429,77.9965337970658,0.932525724127162,102.452370992521
"372","BW",2021-12-16,167.051302668604,23.858047113186,145.526471843364,7.77906307564813e-05,169.072898120415
"373","BW",2022-01-16,139.1437714786,24.8398370510195,157.324235311925,0.00214474052816141,179.621323748333
"374","BW",2022-02-15,209.140752026493,24.0333720881765,134.328538890383,0.0712034544009628,217.141382543052
"375","BW",2022-03-16,97.475742148349,23.0538493830983,133.439617605153,0.605642936519727,231.608608524974
"376","BW",2022-04-16,2.740587196036,21.2775476967416,82.6177387088381,0.15989473763403,161.268919781941
"377","BW",2022-05-16,4.83595132058459,18.6683379382622,28.3674970311972,0.000277872150265034,108.803484660823
"378","BW",2022-06-16,3.09682111423527,18.0947012552401,4.51007248069268,0,99.2576184156464
"379","BW",2022-07-16,0.722107172463793,15.7012850133384,0.73324992266995,0,99.0767204470751
"380","BW",2022-08-16,0.369251929801732,19.1790071813072,0.373307387206008,0,99.0766886269174
"381","BW",2022-09-16,0.0132362545291083,24.1750570157679,0.00961933702331577,0,99.076711515101
"382","BW",2022-10-16,2.83114603647313,29.3828385515911,2.83719908694343,0,99.0830146975634
"383","BW",2022-11-16,56.9642596443683,27.8897593428449,55.3076401773113,0,99.6368333770008
"384","BW",2022-12-16,163.370688169025,25.1402893066406,149.124789311516,0,103.787490658644
"385","BW",2023-01-16,106.479909209671,26.9051357362329,91.6442432415263,0,102.674352320229
"386","BW",2023-02-15,92.1521774584019,24.8231216058498,112.853255922475,0,108.139561350753
"387","BW",2023-03-16,52.9402050691537,26.4303871713034,61.1431200984332,0,104.879173650974
"388","BW",2023-04-16,2.02960076559265,25.1821214629383,3.89865146693099,0,99.2562548009361
"389","BW",2023-05-16,1.73561238944763,20.2859377977325,1.72905627720932,0,99.0767517089844
"390","BW",2023-06-16,0.600012956555275,18.2996141387195,0.612995099899996,0,99.0746523229087
"391","BW",2023-07-16,0.368543264020689,18.0101571431974,0.367925925142916,0,99.0743758038777
"392","BW",2023-08-16,0.00591646578987562,21.5934723644722,0.0087135547605018,0,99.0739757258718
"393","BW",2023-09-16,0.43281327883622,23.9352238352706,0.429606992611991,0,99.073871891673
"394","BW",2023-10-16,16.3020760791657,28.2956699278296,16.172278641951,0,99.1563903064263
"395","BW",2023-11-16,59.4872870097766,27.9458015255811,57.0113102759223,0,100.339857892292
"396","BW",2023-12-16,64.3186774566236,28.5503577255621,65.4956693355017,0,99.7346731046351
"397","BW",2024-01-16,157.879331978265,25.1925264684165,154.353466336956,0,107.350077559308
"398","BW",2024-02-15,183.119609668885,24.1903716296684,122.303255792514,0,146.300130146306
"399","BW",2024-03-15,34.1827861286796,24.820282726753,94.6345626453233,0,127.338474924971
"400","BW",2024-04-15,19.7880339193677,24.8057526379097,23.0143983321685,0,99.9426174629025
"401","BW",2024-05-15,4.90527939794602,21.3169607767244,4.95073722560802,0,99.1192338524795
"402","BW",2024-06-15,2.7920140435127,16.356620974657,2.77423405638795,0,99.1080305518174
"403","BW",2024-07-15,0.250117904547218,16.1801765255811,0.282457993333127,0,99.0763013886242
"404","BW",2024-08-15,9.55181538930203,21.1617089248285,9.54612580645494,0,99.5287944514577
"405","BW",2024-09-15,0.413059768614336,24.3934586687786,0.411968958767985,0,99.0734197104849
"406","BW",2024-10-15,18.841465815253,28.2737761706841,17.2809554962086,0,99.179473132622
"407","BW",2024-11-15,123.470226581004,26.2241203494189,92.3441227471524,0,106.510571363496
"408","BW",2024-12-16,154.617130593113,23.1585871998857,147.310057586547,0,139.992613443514
"409","BW",2025-01-16,110.203711327347,24.7603655559261,135.754086743336,0,125.142970015363
"410","BW",2025-02-15,71.1731929826073,25.6089008610423,84.2843920202562,0,103.928279225419
"411","BW",2025-03-16,35.5827821344109,26.0097038455126,36.8909835378162,0,100.132101477646
"412","BW",2025-04-16,0.997261895463453,24.5419289193503,0.832444747030844,0,99.0795725380502
"413","BW",2025-05-16,10.5142907713144,19.1377310403963,10.6830199282274,0,99.4093397187024
"414","BW",2025-06-16,1.38885923164397,17.5558687535728,1.3966310275353,0,99.0794620048709
"415","BW",2025-07-16,0.750996532015717,17.1020522699123,0.753967761006717,0,99.0798514761576
"416","BW",2025-08-16,0.0872138006629051,19.2051227848704,0.0888562602525082,0,99.0802074525414
"417","BW",2025-09-16,0.845510650312307,26.7754784560785,0.85543508430419,0,99.0786942272651
"418","BW",2025-10-16,59.9705260144064,29.2814249178259,32.6087459613052,0,100.908564497785
"419","BW",2025-11-16,130.025567467006,25.2853989019627,127.947479497823,0,145.684265136719
"420","BW",2025-12-16,193.127354638787,25.2283332638624,144.995150683027,0.000766931062812768,156.366405207936
"421","BW",2026-01-16,257.727804079811,24.2938991639672,153.675145145063,3.83416065536174,216.403446476634
"422","BW",2026-02-15,153.35205219368,24.1746543326029,135.707823835631,18.1613026353234,299.802459716797
"423","BW",2026-03-16,136.637324653566,23.7552043635671,130.207350623237,10.3089249008472,295.227401733398
"424","BW",2026-04-16,25.2169217998105,20.4592515898914,102.168587831462,3.19373292398742,237.874456266078
"425","BW",2026-05-16,12.7660130543873,17.1425632383765,72.7833145742784,0.124318770283841,162.009745528058
"426","BW",2026-06-16,4.33667921296125,16.1782449861852,36.6448440903829,0,112.986166977301
"427","BW",2026-07-16,0.588778396449259,17.6558942096989,1.33235896724262,0,99.1153465829244
"428","BW",2026-08-16,0.11864392545845,21.5823721536776,0.117315538247176,0,99.071061111078
"429","BW",2026-09-16,0.15516036473134,25.7763299709413,0.160272500532456,0,99.0708711205459
"430","BW",2026-10-16,17.2180722701852,28.9487959698933,17.2196609519632,0,99.3252768167635
"431","BW",2026-11-16,222.902248857725,25.4666889469798,138.362349703817,9.40085996351227,127.158375995915
"432","BW",2026-12-16,172.542689992512,24.4555760825552,168.583645806477,0.606341800635573,174.7017980436
"433","BW",2027-01-16,127.638868267205,25.287670600705,149.262259272495,0.356775981500122,165.27542393382
"434","BW",2027-02-15,141.674536213324,24.6986984625095,138.735192314517,0.121768771069519,150.374537956424
"435","BW",2027-03-16,71.0524595612319,24.6296066656345,108.647387584944,0.045694413038069,138.33329289134
"436","BW",2027-04-16,7.8465207513612,23.9301668492759,28.5267312769642,0.000406917106839201,109.368784276451
"437","BW",2027-05-16,2.28771189055207,20.2383445181497,3.25424012223332,0,99.1512938708794
"438","BW",2027-06-16,0.439131562061226,17.510844905202,0.446005885395407,0,99.0823503819908
"439","BW",2027-07-16,0.32825980440687,16.5884503620427,0.335672756382448,0,99.0819936612757
"440","BW",2027-08-16,0.119837552617865,18.1159333019722,0.123105478464905,0,99.0823025587128
"441","BW",2027-09-16,2.65519443285196,25.3310665967988,2.56117953684713,0,99.0825020394674
"442","BW",2027-10-16,4.45491138946126,29.6917985125286,4.5532859217751,0,99.0959569419303
"443","BW",2027-11-16,77.9116598977253,27.6695928806212,70.5987388884263,0,102.345092401272
"444","BW",2027-12-16,127.213647687899,25.9862566692073,94.9357749042442,0,105.657292621892
"445","BW",2028-01-16,434.412829559183,23.6551811404345,143.395129309274,60.3575103743989,303.084052853468
"446","BW",2028-02-15,205.836924809463,22.7929531190454,128.33068468608,60.3724441849719,370.305121445074
"447","BW",2028-03-15,33.5929559199452,22.9478305723609,121.447054740814,37.9582365351536,320.583697063167
"448","BW",2028-04-15,3.33955881601801,21.1323964188738,93.1036813701389,0.744975537533564,212.640579595798
"449","BW",2028-05-15,3.30500930063952,18.6227335115759,73.3865602883204,0,129.478511531179
"450","BW",2028-06-15,0.143468840844168,16.3135457852991,0.50229398056683,0,99.0584229259956
"451","BW",2028-07-15,0.883387279900933,17.5813896365282,0.877465076660972,0,99.0490929208151
"452","BW",2028-08-15,0.134743949742903,20.261247588367,0.142474462662343,0,99.0490499356898
"453","BW",2028-09-15,0.209831134961083,24.37613510504,0.206600212103828,0,99.048732664527
"454","BW",2028-10-15,16.0708125330552,29.1471029142054,14.6370816073968,0,99.13553768251
"455","BW",2028-11-15,104.50405854357,26.8220356266673,98.5087449605599,0,100.942934175817
"456","BW",2028-12-16,185.834991450637,23.6540125404916,151.851434477537,0,140.673014943193
"457","BW",2029-01-16,241.650223755846,24.1799323849561,162.258385624964,0.000132998132253656,170.792227954399
"458","BW",2029-02-15,118.909600457722,23.7988392899676,125.595374791542,0.249060182085952,235.635302659942
"459","BW",2029-03-16,32.9535637592482,24.2955917730564,114.656683623723,0.0908409408972735,171.103438214558
"460","BW",2029-04-16,7.16533850191343,23.3499941942168,39.0478775195178,2.3807461173207e-05,109.23918189072
"461","BW",2029-05-16,3.55716097234197,20.9495306247618,3.67466151782116,0,99.1238120474466
"462","BW",2029-06-16,0.682817308421452,17.4620487864424,0.682144677462131,0,99.0725039970584
"463","BW",2029-07-16,3.09694501878456,15.8622912895389,3.10383789558439,0,99.0731474713581
"464","BW",2029-08-16,0.221156524988634,20.4103356338129,0.229976754030758,0,99.0725482847632
"465","BW",2029-09-16,0.241079825161982,23.4576602098418,0.239718604231667,0,99.0727425551996
"466","BW",2029-10-16,40.6741942973983,28.5693203065454,40.1726071949248,0,99.5465726154606
"467","BW",2029-11-16,159.979782072918,26.0401641101372,132.951989874993,0,105.480616499738
"468","BW",2029-12-16,100.519604625737,25.2931339915206,127.770188124283,0,114.759684306819
"469","BW",2030-01-16,278.953301804935,25.205107898247,152.915206384879,0.00230081311895408,127.671883559808
"470","BW",2030-02-15,89.5935657133189,24.9681493247427,129.958088694867,0.375884268360203,219.352547250143
"471","BW",2030-03-16,11.658942453718,25.9974491770674,87.2527838670422,0.0594530440633439,139.012244247809
"472","BW",2030-04-16,13.6483665610729,23.7044580971323,23.4897118528507,0,102.446610055319
"473","BW",2030-05-16,3.46819438801038,21.2439210473037,2.5539498450554,0,99.0835627113901
"474","BW",2030-06-16,0.731420871411169,17.1675459698933,1.74031303515399,0,99.1229034051663
"475","BW",2030-07-16,0.559971718540488,18.982109255907,0.561991515883719,0,99.0733923563143
"476","BW",2030-08-16,0.0217540588083028,20.5509904070598,0.0202059347885335,0,99.0728009851967
"477","BW",2030-09-16,32.1087263085845,25.5971285191978,17.5189047713946,0,101.080684754907
"478","BW",2030-10-16,28.3730631360568,28.0688074623666,37.2736874659029,0,100.689073143936
"479","BW",2030-11-16,115.673427450153,26.4035808284108,108.917274767896,0,103.643990493402
"480","BW",2030-12-16,175.911945441068,24.8315511563929,154.730254669799,0,117.117272353754
"481","ZW",1991-01-16,207.369063149913,23.8436589734308,140.068053876066,12.6342039765797,88.8395710320308
"482","ZW",1991-02-15,153.474551453737,23.043490705819,128.899241122417,42.7614579665872,112.860237253123
"483","ZW",1991-03-16,61.1040522961863,23.3844230914938,67.6214287266264,2.74417308958791,78.4495002319073
"484","ZW",1991-04-16,9.96678788509724,21.0610635691676,37.418078537077,0.0060170605152192,62.2896072782319
"485","ZW",1991-05-16,12.5950830368122,18.8922945219895,14.722837947293,8.22581979083638e-06,55.4301493414517
"486","ZW",1991-06-16,8.8814694254638,14.9403828588025,8.75570190271838,1.07061594072902e-05,54.5618950580728
"487","ZW",1991-07-16,1.77863716914607,14.2863222319504,2.00734816027511,2.36401333543228e-05,54.3490649913919
"488","ZW",1991-08-16,0.0982917167561936,16.84055722993,0.121432304795058,3.73384334830117e-06,54.3022003913748
"489","ZW",1991-09-16,1.85668241839063,22.6656904549434,1.87383320554028,3.4564146372626e-06,54.2820630073547
"490","ZW",1991-10-16,39.6209075999524,24.9140088311557,35.3172032587814,0,55.2157573371098
"491","ZW",1991-11-16,86.678082213721,24.3046875,75.1405566587546,2.20519977489763,62.4086670217843
"492","ZW",1991-12-16,309.118481752752,21.5025219095164,122.713294730859,97.8613051400725,128.251254180382
"493","ZW",1992-01-16,63.0616214267352,23.2083240377492,109.355357945857,5.47666094367859,123.685158877537
"494","ZW",1992-02-15,93.2925530549255,23.0493758629108,96.164047982893,9.57847763532949,106.929004603419
"495","ZW",1992-03-15,57.8186232145526,22.7029718859442,78.0666846780464,5.72728807623063,84.6401941694062
"496","ZW",1992-04-15,13.3993379594327,20.1220308501145,23.9696975936411,0.00286670447931571,60.3213138169256
"497","ZW",1992-05-15,15.4115201179154,17.394591232826,16.8502664665319,3.78325282274408e-05,55.6867445337361
"498","ZW",1992-06-15,5.52594219372058,17.2279405265019,5.78546276834647,2.58126019868976e-05,54.702114064118
"499","ZW",1992-07-15,1.32701141719971,15.030750669282,1.38476593005541,1.82534067447267e-05,54.3826472265967
"500","ZW",1992-08-15,0.953016943390139,18.3177711223734,0.996666409777202,6.672472415971e-06,54.3361878970574
"501","ZW",1992-09-15,0.529657293578441,21.4180802970097,0.569189614507509,0,54.2993865588616
"502","ZW",1992-10-15,11.001657689485,24.8631775954674,9.30459580967777,7.43995831838814e-06,54.3698179392979
"503","ZW",1992-11-15,182.69597775913,23.1968320649246,131.788139570713,4.03123225507099,78.4848210236122
"504","ZW",1992-12-16,211.613860282172,21.6632432608769,131.934710302197,43.1924312154385,115.259663055683
"505","ZW",1993-01-16,114.467927760842,22.7705967344087,142.731536944308,16.7087613818169,111.881782696165
"506","ZW",1993-02-15,133.354283260695,22.6560111210264,116.672323239518,20.2641971902157,98.8813781738281
"507","ZW",1993-03-16,31.9552188882693,23.3948190623316,57.4912311586527,0.406342833003737,74.7289286728563
"508","ZW",1993-04-16,14.2534133006722,21.9182197307718,19.7100610199915,0.0064779602581421,61.0899908049353
"509","ZW",1993-05-16,2.2215587525846,19.0229392216123,7.21834238820834,3.89413019072073e-06,55.5583276173164
"510","ZW",1993-06-16,0.964257100036023,14.7619539458176,1.00703294567901,4.37088227680592e-06,54.3677372603581
"511","ZW",1993-07-16,4.94984056555856,14.6410759235251,4.90419435402522,7.6397369671845e-06,54.3857877254486
"512","ZW",1993-08-16,0.0249952330288358,16.8622126086005,0.138445908465236,1.4042748660455e-05,54.317471767294
"513","ZW",1993-09-16,16.5253548150539,23.0028081433526,16.47711212103,1.4793036450972e-05,54.5028353888413
"514","ZW",1993-10-16,40.811524197112,25.3981270625674,34.6579866730688,1.22335461622949e-05,54.7712022929356
"515","ZW",1993-11-16,75.9904927228866,25.3388040476832,79.1366999438996,4.38629098559759e-06,59.2607237717201
"516","ZW",1993-12-16,161.959650651712,24.3583626582705,126.775034224807,18.7188276137495,69.232038728122
"517","ZW",1994-01-16,128.309444213639,22.5745286612675,131.315808248072,1.258657227912,69.6423758145036
"518","ZW",1994-02-15,136.362735044757,23.0509033203125,115.672632709852,8.6657014618203,77.4149829930273
"519","ZW",1994-03-16,24.9701261918807,23.1243928054283,48.4365680484816,0.331560875829068,62.7027443030785
"520","ZW",1994-04-16,2.80583083760324,22.4684058879984,4.95872474660026,0.0116144345134509,56.415305778898
"521","ZW",1994-05-16,8.38305443023022,17.9179429679081,9.58816766000507,2.47043206581187e-05,55.0744471138921
"522","ZW",1994-06-16,3.85084807316287,15.3575444714776,3.94235811635836,6.81799361795607e-06,54.3826598710027
"523","ZW",1994-07-16,1.02297085259203,14.4209373737204,1.06381288836427,4.70963847576006e-06,54.302624661347
"524","ZW",1994-08-16,0.460991527169317,16.2397076836947,0.475220181130194,3.97744734389739e-06,54.2879354953766
"525","ZW",1994-09-16,0.116768368222608,22.0508580701105,0.12940625227497,3.21227513554418e-06,54.2766055403085
"526","ZW",1994-10-16,63.1825804144369,24.9241496119006,61.9611113872138,0.0281699888000956,57.032060573841
"527","ZW",1994-11-16,117.317711860182,24.3427892224542,91.641831290025,4.39613345049717,61.1542185914928
"528","ZW",1994-12-16,116.252595212929,22.7028340306775,114.170249288396,5.71589032643201,74.0724469875467
"529","ZW",1995-01-16,180.286508817467,23.0417212124528,140.423840216506,12.6125193919855,85.902492588964
"530","ZW",1995-02-15,291.740724991943,22.2132363154971,122.635612491486,124.476301488281,136.291723218457
"531","ZW",1995-03-16,35.7162127875952,22.1632458917026,78.1836509091402,5.64595209032981,118.973956560266
"532","ZW",1995-04-16,17.2832516685142,20.9170737430967,42.1052080765266,0.287314915238678,84.5535545020268
"533","ZW",1995-05-16,2.88006620581216,16.6821110166352,17.1923908555135,0.00313847458705801,63.0993791859725
"534","ZW",1995-06-16,2.30998968550795,15.0920515389278,5.413370521355,4.38667736618029e-06,55.2695320639117
"535","ZW",1995-07-16,1.6046696430741,14.6325136382004,1.63992488138351,1.91890144050384e-05,54.3220259978853
"536","ZW",1995-08-16,0.722149467949372,18.6220860974542,0.746228801177957,0,54.3016552102977
"537","ZW",1995-09-16,1.80859077104758,24.0312263225687,1.83334661452481,1.43939505831711e-05,54.2758867822844
"538","ZW",1995-10-16,44.9535010637442,25.6978786073882,36.9139353163613,1.21564598945341,56.3489210852261
"539","ZW",1995-11-16,92.0100095119841,24.9612852951576,95.2299383171866,4.34727988090614e-06,57.8056518784885
"540","ZW",1995-12-16,220.854389979825,24.1835506044585,113.584325507139,32.7156755872649,77.9284335333726
"541","ZW",1996-01-16,112.402951037351,23.3124131827519,131.956571385923,17.3535797790073,115.888309511645
"542","ZW",1996-02-15,257.327095273649,23.3618895432045,121.260229800828,71.49767732501,122.355396764032
"543","ZW",1996-03-15,13.0252859713751,23.1488742170663,68.51232009423,5.98650168082558,119.872765804159
"544","ZW",1996-04-15,1.74335327524048,22.1371559932314,27.1823926092299,0.143074225405367,83.1684082540972
"545","ZW",1996-05-15,5.4768315600023,17.9721779658877,20.9974304549178,9.64705371931212e-05,61.0767212078489
"546","ZW",1996-06-15,1.53883555055378,17.610806169181,2.41174170718421,8.50371814344197e-06,54.5239821138053
"547","ZW",1996-07-15,0.494669198732136,14.5136018950363,0.560212738076675,2.85831379806247e-05,54.358401948008
"548","ZW",1996-08-15,2.26497813860862,15.850938994309,2.29490234206298,6.96637515260152e-06,54.3235246724096
"549","ZW",1996-09-15,7.88674161648142,20.609404991413,7.74049325881888,4.07371436583759e-06,54.6770572497927
"550","ZW",1996-10-15,38.6916281073354,25.6791997449151,38.4196295118931,0,55.3379034831606
"551","ZW",1996-11-15,69.8180816814721,25.9335506044585,68.5562955572848,1.16685931262178e-05,56.0157022640623
"552","ZW",1996-12-16,190.481879466197,25.1644918507543,129.688693864616,18.8978815279527,72.2009318450402
"553","ZW",1997-01-16,133.060046068015,24.4168001372238,139.261584913013,1.30073235024409,84.5449125848967
"554","ZW",1997-02-15,148.893847295629,24.4288693132071,125.426514825687,12.9370348126606,92.2226239566145
"555","ZW",1997-03-16,12.8969565790863,25.0469186717066,55.9052346166874,0.00838534555794282,71.2716882886558
"556","ZW",1997-04-16,8.98630200189755,21.9816878746296,12.2913837175443,1.10549289722428e-05,55.6153856556991
"557","ZW",1997-05-16,1.1405032575814,18.4811780206088,1.43632119134054,1.13203521729024e-05,54.3828418419279
"558","ZW",1997-06-16,1.36744502499604,16.6322579219424,1.37328968774705,6.99751732420164e-06,54.304023972873
"559","ZW",1997-07-16,4.07503937398956,14.8839106066474,4.06056201536244,1.24053535444091e-05,54.4054427311338
"560","ZW",1997-08-16,0.553964261711497,17.5578139732624,0.591669466732504,4.28207017775163e-06,54.2833250966565
"561","ZW",1997-09-16,0.639831734051297,21.4887537462958,0.648198352178434,0,54.2720101290736
"562","ZW",1997-10-16,32.6740692170931,25.9191515692349,32.266601697885,1.39776276346418e-05,55.0477569925374
"563","ZW",1997-11-16,65.3315237372038,25.6809424038591,56.757054216397,0.390964624439848,56.5760944465111
"564","ZW",1997-12-16,174.741289850348,24.3930258915342,112.390192830534,36.8138833670314,77.1361476963964
"565","ZW",1998-01-16,160.293782513653,23.9182449866985,122.487052355026,11.4800699278473,80.7741923167788
"566","ZW",1998-02-15,141.232692358758,22.4153447644464,121.056261657063,46.7893734455645,110.140627367743
"567","ZW",1998-03-16,70.1175254721451,21.9948325321592,86.3339362936978,1.03523396728633,84.0636850225514
"568","ZW",1998-04-16,6.91994692433268,22.6854674240639,19.0324861438245,0.0277843675289805,63.5228874354527
"569","ZW",1998-05-16,2.5373429739516,17.0604684763941,6.90032578947843,2.89018871180541e-05,55.9297454768214
"570","ZW",1998-06-16,2.26827021750633,15.2512375404095,2.32385551417196,3.93683051675439e-06,54.3459591536686
"571","ZW",1998-07-16,2.19708251678451,15.7502736058728,2.20621282746206,1.41381288469625e-05,54.3144778794256
"572","ZW",1998-08-16,0.287543732256866,17.0818555108432,0.306071288771403,0,54.296261499668
"573","ZW",1998-09-16,0.684141652041505,21.67578125,0.703898236161908,0,54.2800129364277
"574","ZW",1998-10-16,40.1786264949398,25.8476420435412,36.0183670987869,4.08434999269956e-06,55.2288389041506
"575","ZW",1998-11-16,81.0960363687,25.3169797700027,55.0114612540648,1.29844912181272,55.9526755891997
"576","ZW",1998-12-16,153.516747775199,23.0213186329809,150.537626347745,5.33748746834723,79.0557698874638
"577","ZW",1999-01-16,379.663009834797,22.8232637602707,137.753848181355,150.402433513771,114.764214022406
"578","ZW",1999-02-15,364.171974656397,22.1695372482826,115.900431377492,226.880999304081,185.173821350624
"579","ZW",1999-03-16,87.1206297169857,21.0177391315329,107.925466570104,44.9094796474473,165.171831986
"580","ZW",1999-04-16,14.654448540443,20.0693980249865,44.8978317212534,1.80320465650617,109.268161370836
"581","ZW",1999-05-16,7.2004094285901,16.1087351831897,30.4112080041987,0.0616103029030835,83.7383267386206
"582","ZW",1999-06-16,2.52666253888084,14.4467741867592,17.4046871755403,0.0032752403745669,63.6531212658718
"583","ZW",1999-07-16,4.65280420632459,14.6406081627155,6.66147999198168,0.000212574287579378,56.4852718731453
"584","ZW",1999-08-16,3.06144758333489,18.9501884723532,4.06384410320995,0,55.3516954800178
"585","ZW",1999-09-16,1.24676925947667,23.183668991615,1.81926741260574,0,54.5156958925313
"586","ZW",1999-10-16,16.7484689074627,27.4312260068696,16.7235147246613,0,54.6399375076952
"587","ZW",1999-11-16,131.311509746191,25.3447428736193,95.0843418952367,15.5566782160067,67.0031019243701
"588","ZW",1999-12-16,175.700448216782,22.66764936776,137.171283883147,9.65659882083157,82.8372062814647
"589","ZW",2000-01-16,181.261083308471,22.8004334548424,142.402360861286,26.5209537694385,100.210974989266
"590","ZW",2000-02-15,74.6398125513224,22.9570396686423,91.4884099649498,10.5711410710905,92.0737053608072
"591","ZW",2000-03-15,109.379972370968,22.3708185656317,97.3078058613063,11.1870676517949,84.9489759412305
"592","ZW",2000-04-15,8.85652499170552,20.010122364965,38.3886034524666,0.159830578662297,68.4942477324913
"593","ZW",2000-05-15,9.95924688174047,17.922693712958,12.9051151631349,0.00599397677262248,58.5168297455229
"594","ZW",2000-06-15,3.7487144469698,14.6437188510237,7.29726179530377,3.48160410846115e-06,55.5855228900909
"595","ZW",2000-07-15,1.17594208866743,13.1433200178475,1.26271702489907,0,54.338917041647
"596","ZW",2000-08-15,0.642762822985787,16.960396602236,0.680321506649761,4.29308539407691e-06,54.311308367499
"597","ZW",2000-09-15,5.86829256782698,21.0015148294383,5.86717652077854,0,54.5220975793641
"598","ZW",2000-10-15,16.9389439901791,27.2796599289467,13.9793995062566,0,54.4145677336331
"599","ZW",2000-11-15,150.901897804378,24.0579991833917,126.222913360207,1.94304021072537,63.5299345542645
"600","ZW",2000-12-16,315.505216027819,22.5151977539062,141.162483641027,105.129033257701,121.707506442892
"601","ZW",2001-01-16,179.067545500584,23.1151238803206,151.601785149401,33.989507279002,146.641425461605
"602","ZW",2001-02-15,61.1804627973972,24.1507057979189,98.0629367693648,3.39072670533918,126.846592590727
"603","ZW",2001-03-16,139.242628034092,21.54432099441,115.941115005688,24.2252292582735,117.006751619536
"604","ZW",2001-04-16,6.37537889078571,20.2483762543777,38.0695528272491,0.217373627787111,83.3745692351769
"605","ZW",2001-05-16,4.53836329030811,17.6163614207301,16.8853435553093,0.00351523891551104,61.5996306929095
"606","ZW",2001-06-16,8.44885801899213,15.220470033843,11.2661169414109,1.30394639913187e-05,55.7801439926542
"607","ZW",2001-07-16,3.43721431512488,15.0095925166689,3.52190576276339,0,54.4244171011037
"608","ZW",2001-08-16,0.756821329163954,16.7039458176185,0.777765442236661,3.77424422404948e-06,54.3147197509634
"609","ZW",2001-09-16,0.238651392507205,22.1680787185143,0.269390171076342,0,54.2896642602723
"610","ZW",2001-10-16,12.8090932853003,26.1539653909617,12.7631377554594,0,54.574204190024
"611","ZW",2001-11-16,119.586754440739,25.9583145667767,81.066060759095,5.23553658354495,62.6450194737007
"612","ZW",2001-12-16,161.817927406057,23.1135585390288,134.548762752996,19.0360465771176,94.7651182207568
"613","ZW",2002-01-16,134.52487576508,23.876547451677,124.642928404099,21.2756375054733,103.790435823901
"614","ZW",2002-02-15,133.009003252915,23.7254075675175,121.091971859529,10.692858621827,96.6663552974832
"615","ZW",2002-03-16,79.1086498832587,22.9151842840787,92.2019565244133,0.150784286509231,86.586009206443
"616","ZW",2002-04-16,19.7997711855288,21.2154462090854,33.985551361121,0.00485738880676444,64.6142751266216
"617","ZW",2002-05-16,15.0866959006164,18.4369348986395,18.0218531155521,1.47421174853764e-05,57.6119401372712
"618","ZW",2002-06-16,1.2729658197588,15.9984509698276,2.17263010075651,7.54951315255817e-06,54.7023860668314
"619","ZW",2002-07-16,1.76805740139994,15.0423694479055,1.82524045461487,1.56405471884236e-05,54.3711550975668
"620","ZW",2002-08-16,0.89812957277845,16.2744940396013,0.941800045975156,4.23614439044059e-06,54.3314348664777
"621","ZW",2002-09-16,8.82408998335575,22.8221314528893,8.72968297253778,7.09784231389676e-06,54.3390022803997
"622","ZW",2002-10-16,36.435425239023,25.3960155618602,25.3566108229781,8.06556787565035e-06,55.2790494458429
"623","ZW",2002-11-16,86.9578997401826,24.1523342790275,91.5427836408871,2.33632512115725,60.2448517125228
"624","ZW",2002-12-16,162.173362123852,25.1592896560143,101.144856973431,41.970416043969,63.932652506335
"625","ZW",2003-01-16,257.218255684711,24.1214152369006,141.457895214212,52.3769091879978,97.8056275597934
"626","ZW",2003-02-15,216.025709651475,23.3945317761651,123.760806319529,69.6829990426013,149.817228383031
"627","ZW",2003-03-16,80.2626302106515,23.2870215054216,102.935406250843,36.9413328229935,129.547193461451
"628","ZW",2003-04-16,20.2407961384371,20.5112715096309,44.8482036219251,0.790860546349014,91.5803199800952
"629","ZW",2003-05-16,3.11957907623733,15.9500085238753,20.8734419611448,0.0216576431896397,68.2563910566527
"630","ZW",2003-06-16,1.22207394530239,15.3464223927465,7.47235842256236,7.36841353449777e-06,57.1462921520759
"631","ZW",2003-07-16,2.06632259452174,13.6147708235116,2.27843188636927,2.34813778628114e-05,54.3879423963613
"632","ZW",2003-08-16,0.291636845611657,18.2738894758554,0.340339506604535,1.08541242338883e-05,54.3326856596717
"633","ZW",2003-09-16,7.71649361057167,22.4056722706762,6.44895219437754,4.15449581633194e-06,54.3225893398811
"634","ZW",2003-10-16,41.7135452698105,25.1403045654297,42.013057371188,0,55.2389709374
"635","ZW",2003-11-16,76.1158984136398,26.5802806985789,70.028264641537,3.73717904898236e-06,57.1010014024274
"636","ZW",2003-12-16,176.096213195104,24.2741593985722,152.535786620815,9.59923738431059,75.9025058253058
"637","ZW",2004-01-16,234.755305879637,23.3553771972656,148.438720391052,45.7604570907165,108.258163419263
"638","ZW",2004-02-15,106.309543788666,23.185937289534,122.7282107051,8.39498249782693,116.063540820418
"639","ZW",2004-03-15,18.8983191137658,24.3403704413053,47.5494634702798,0.234040175694347,73.7063678544143
"640","ZW",2004-04-15,31.8140789380589,20.1473567568023,36.3039924170529,0.00271574459334471,63.8807492091738
"641","ZW",2004-05-15,5.34830561634627,18.4024910762392,9.06475113528171,1.49464206528635e-05,56.4689478052073
"642","ZW",2004-06-15,2.00156456884511,14.8102880017511,2.47468064161036,1.87608884289883e-05,54.432327673353
"643","ZW",2004-07-15,0.49184549646129,14.1931615369073,0.526989628792762,3.00624787132963e-06,54.3426668479525
"644","ZW",2004-08-15,0.420795235790538,18.1083321406924,0.452251617947703,0,54.3102548944539
"645","ZW",2004-09-15,0.329813555644141,23.3309036781048,0.35280469018846,8.36536102457673e-06,54.2827393679783
"646","ZW",2004-10-15,6.64068088859996,27.3023792135305,6.61538638636055,0,54.2847971505132
"647","ZW",2004-11-15,183.177425642498,24.282459653657,124.03907303313,11.9814002529877,68.8869321428496
"648","ZW",2004-12-16,363.994907067511,23.1793097134294,128.630046785713,173.748719583894,122.159111943738
"649","ZW",2005-01-16,329.109995101241,23.6562468430092,139.89537120576,166.384882868392,182.563101143673
"650","ZW",2005-02-15,410.292191569019,23.1192921605603,123.928052601244,309.9487441335,188.851184384576
"651","ZW",2005-03-16,45.5903373007333,23.0836418414938,88.2584019708607,8.78555075803982,129.319666015691
"652","ZW",2005-04-16,7.19931704074482,20.5062887257543,33.5702461098694,0.49249932743774,97.0157923122932
"653","ZW",2005-05-16,4.12636528006511,16.5405231344289,27.0244444432106,0.0330318649027535,71.8915173185283
"654","ZW",2005-06-16,6.88845702157339,15.5995078251279,10.3852550687563,0.00725469291357769,58.4903975848494
"655","ZW",2005-07-16,0.906138134389729,15.528587078226,2.25907683717071,0.000849380396313766,56.8723287171331
"656","ZW",2005-08-16,2.25633563373808,18.4623823494747,3.35412768983102,2.21283590003453e-05,55.6451622782082
"657","ZW",2005-09-16,0.38043782970133,22.0206361967942,1.1166125786901,1.02067162997295e-05,54.7199339455572
"658","ZW",2005-10-16,26.5007398573477,26.9923006255051,25.9067065793527,8.09726065508565e-06,55.07411535855
"659","ZW",2005-11-16,51.3730143725768,27.2995505497373,51.2721311137409,0,55.4673238951584
"660","ZW",2005-12-16,148.254445093435,24.8463255783607,143.403567449623,0,60.6518475927156
"661","ZW",2006-01-16,360.338609482579,24.6377910745555,145.483646222896,115.610210959895,114.679406626471
"662","ZW",2006-02-15,149.282401205233,24.43077666184,124.474680027924,33.3683852343115,150.612511141547
"663","ZW",2006-03-16,118.708807400203,22.9086503653691,88.8573073980736,84.3953077875731,124.223685198817
"664","ZW",2006-04-16,8.57345482334746,21.1014867322198,33.0828939197467,0.197117506710219,83.2556242038464
"665","ZW",2006-05-16,12.4780218808343,18.4665095888335,24.0958708656449,0.00113276775096534,62.7681401104763
"666","ZW",2006-06-16,3.99356034082804,14.569790544181,9.33970062817088,3.93980806599604e-06,55.8508004566719
"667","ZW",2006-07-16,0.567675101145118,14.2061578158675,0.620635063257302,1.07228676903232e-05,54.3605362711282
"668","ZW",2006-08-16,0.307131879264846,18.1586419467268,0.344021163028895,0,54.3204749370443
"669","ZW",2006-09-16,3.84294057735603,25.3024833942282,3.80517770748878,3.89387188010645e-06,54.362738387338
"670","ZW",2006-10-16,11.3201339672553,27.2561629722858,11.3781091052605,0,54.4939023050769
"671","ZW",2006-11-16,42.4628139434358,27.0814440497037,41.7989611154992,4.18026702908198e-06,54.764759145934
"672","ZW",2006-12-16,92.6417737049131,25.8867334826239,88.3562652055969,0,61.3395590124459
"673","ZW",2007-01-16,240.11274457865,23.4755470012796,137.17617031231,65.8820207669446,104.186325171898
"674","ZW",2007-02-15,208.237483928076,23.0536972572064,125.575306931318,45.2834102399738,144.37052611647
"675","ZW",2007-03-16,45.0076551929795,22.855622916386,81.2539246692001,2.65173313872005,111.530405891353
"676","ZW",2007-04-16,7.28169567051297,20.5999592748182,33.0512190288699,0.0913523165488489,81.3627498396512
"677","ZW",2007-05-16,2.24764762729294,17.7836977202317,16.666469843695,6.6029614534678e-05,59.7240748076603
"678","ZW",2007-06-16,5.10031753652458,14.7029508393387,5.2413762485481,3.41912159274804e-05,54.4154697451098
"679","ZW",2007-07-16,0.500863487103084,15.5586242675781,0.569338626630646,1.15640635136659e-05,54.2972413260361
"680","ZW",2007-08-16,0.956619670798459,16.2275558997845,0.973682885628948,0,54.281121171754
"681","ZW",2007-09-16,0.465849734600146,22.9937712570717,0.487109300338332,0,54.2692378060571
"682","ZW",2007-10-16,5.36531624902009,26.7841002365639,5.27280251266159,8.3338276142111e-06,54.2726899919839
"683","ZW",2007-11-16,90.3873982536205,24.6940849567282,78.8082718048325,0.220701722483218,60.5238070652403
"684","ZW",2007-12-16,145.318019861388,22.7725319697939,118.745555746538,3.42447594273145,71.3198029748325
"685","ZW",2008-01-16,137.535823493843,23.6273203882678,108.467379393024,38.5599131281958,88.5290666119806
"686","ZW",2008-02-15,104.220382135827,22.532192887931,102.357182343258,6.38314023879922,83.4648956594796
"687","ZW",2008-03-15,104.977679205858,21.2222337393925,103.675185434986,0.171721366199688,75.6819161875495
"688","ZW",2008-04-15,17.550329912473,20.8772935538456,34.6683576050243,0.00931799586896495,65.3011015119224
"689","ZW",2008-05-15,3.03841116432805,19.2980404557853,6.61835400567035,0.000555319347030596,56.8898457740915
"690","ZW",2008-06-15,4.22645199774581,15.4382476806641,5.30212236719371,2.33228920314563e-05,54.7006261842004
"691","ZW",2008-07-15,1.12981413702246,14.9477396997912,1.17490852646432,2.09746608874398e-06,54.3401081479829
"692","ZW",2008-08-15,0.154206252798774,17.5017947492929,0.181603514686902,4.41980075641783e-06,54.3093557686641
"693","ZW",2008-09-15,0.261340204228196,21.5175149851832,0.286971734267589,0,54.286783448581
"694","ZW",2008-10-15,15.5189854711352,26.6484090870824,15.348067487026,1.617736402768e-05,54.4435619732429
"695","ZW",2008-11-15,104.756430415677,26.4364234661234,83.8747719405139,0.554604268284587,58.376281508084
"696","ZW",2008-12-16,125.368580942701,24.8360890355603,125.837008328908,1.28849180709949,67.394917882722
"697","ZW",2009-01-16,178.114595718216,24.9291124015019,130.726016449726,21.2602387950932,81.8488555447809
"698","ZW",2009-02-15,23.387602063755,26.5128105426657,62.8254301956421,0.173009922419345,71.0040022093674
"699","ZW",2009-03-16,43.7123103825484,25.4927699648101,47.4721736462329,0.0664975365611555,58.8774612854267
"700","ZW",2009-04-16,4.35599507116829,23.2821660535089,5.71083337289847,0,54.5596620378823
"701","ZW",2009-05-16,1.35286569262493,20.15869140625,1.39784870768365,2.49832642849363e-05,54.3400807627316
"702","ZW",2009-06-16,0.750423041122774,15.7166705953664,0.75653695511909,6.67415460828748e-06,54.3087158285338
"703","ZW",2009-07-16,0.487379658270897,17.4758632265288,0.515956029007102,0,54.2938951952704
"704","ZW",2009-08-16,0.140147466957467,17.5519577552532,0.149956612835481,4.27939712287074e-06,54.2837571357859
"705","ZW",2009-09-16,0.059198555381861,22.1662576609644,0.0678391887933915,6.99994724253715e-06,54.2746409136673
"706","ZW",2009-10-16,27.9516609720304,26.994734139278,26.4444469493575,2.52687255257886e-06,54.5407621202798
"707","ZW",2009-11-16,118.5718217688,25.6402761525121,108.899023911739,0,60.4683226716929
"708","ZW",2009-12-16,222.980706374851,23.5454796100485,138.687070807771,32.6368063081501,95.02905375382
"709","ZW",2010-01-16,65.30079907268,24.3985469423491,99.0308051191246,7.25146219085144,95.3388233513668
"710","ZW",2010-02-15,460.661228206651,24.1494172194908,119.585404522589,253.794832004992,149.050751916293
"711","ZW",2010-03-16,71.1964194969965,22.9240980477169,110.690017544729,10.4265605267411,141.702183854991
"712","ZW",2010-04-16,4.43627247549839,21.8601747710129,34.5708397170052,0.636336249167686,96.579078888071
"713","ZW",2010-05-16,2.02264327018728,18.3136654557853,23.6004057581685,0.00599821229729485,71.1976149822104
"714","ZW",2010-06-16,1.3817643884036,17.1510246539938,7.35182833382012,2.13353527948161e-05,56.7704121984285
"715","ZW",2010-07-16,1.80001125818621,17.3520139496902,2.4713317536131,1.04540946175597e-05,54.8415761980517
"716","ZW",2010-08-16,1.62901514912815,17.0618344010978,1.86541512411607,0,54.337540182574
"717","ZW",2010-09-16,6.27883304837426,22.1801210600754,6.17107341939369,0,54.4381722828438
"718","ZW",2010-10-16,1.14464273012369,27.3090073158001,1.20568299039092,4.04400871755157e-06,54.2678195197007
"719","ZW",2010-11-16,92.8673045167796,26.2779756743332,90.3255565539564,4.23578334476448e-06,58.2545435017553
"720","ZW",2010-12-16,236.940034977482,23.6101542505725,140.655811874252,43.3870577156111,83.2797855508739
"721","ZW",2011-01-16,198.39112668796,23.3809288287985,141.598932686511,63.788897451791,125.778053546774
"722","ZW",2011-02-15,70.1124698296992,24.1439109012998,96.4299712394332,0.410136396268582,94.2208526381131
"723","ZW",2011-03-16,101.365980828996,22.5849409432247,104.077864426654,1.33052440018764,87.4829076898509
"724","ZW",2011-04-16,19.8303630851773,21.4549460575498,34.1062326289579,0.0136381893180839,63.6172253921114
"725","ZW",2011-05-16,7.60796424446167,16.8232763882341,8.99417367285862,1.68556935202561e-05,55.8933099713819
"726","ZW",2011-06-16,5.26137198533528,14.656005859375,7.0146314033552,8.78893275399186e-06,54.608061708253
"727","ZW",2011-07-16,2.78704667327851,13.9312118004108,3.05812158465665,1.01673574111673e-05,54.3708792965988
"728","ZW",2011-08-16,1.37596417164253,16.2391099600956,1.39950059412811,2.75323755518335e-06,54.3106989613895
"729","ZW",2011-09-16,0.245179666468344,21.3374944226495,0.266123277826629,0,54.2878957123592
"730","ZW",2011-10-16,14.2598417386486,27.2175271922144,12.5163710562478,0,54.3218801268216
"731","ZW",2011-11-16,108.651078328217,25.5226829791891,89.4456274028675,0.350359812665406,59.750639060448
"732","ZW",2011-12-16,214.629575496556,23.6542868778623,146.009343580327,33.6836557389616,89.2724982952249
"733","ZW",2012-01-16,272.512865315818,23.540050111968,137.325462432787,104.134470889357,134.199786613727
"734","ZW",2012-02-15,303.636336175259,23.0367552658607,119.604607211659,158.790365699792,162.239285370399
"735","ZW",2012-03-15,116.170096778961,22.4240785796067,111.239664889832,45.9598686263109,155.154709256929
"736","ZW",2012-04-15,2.95849741110817,20.1103068384631,37.1470691844824,1.27114261039931,103.748313566734
"737","ZW",2012-05-15,10.9995566843344,16.4634146854795,32.3010321256553,0.0212890230284755,77.7503171049315
"738","ZW",2012-06-15,2.38336887744889,13.8991941254715,13.5251135121068,5.59407401780487e-05,60.3708662246836
"739","ZW",2012-07-15,1.56034716668775,14.8145599365234,3.11546539159563,1.11373706395288e-05,55.1981909275055
"740","ZW",2012-08-15,0.554713768837763,16.8706828150256,0.991762483744392,0,54.4529292501252
"741","ZW",2012-09-15,1.32275478614082,22.5700267923289,1.36996035428379,0,54.2818676274398
"742","ZW",2012-10-15,49.5690100609048,27.5811567635372,25.2689628938618,0.880304865988196,56.2199384179609
"743","ZW",2012-11-15,101.162312317495,24.9253334834658,102.272639709428,3.33272961658356,76.4623500725319
"744","ZW",2012-12-16,144.942240422022,24.5122054527546,136.705104160275,3.42626337446589,75.7352098267654
"745","ZW",2013-01-16,310.287948764443,23.0120286612675,146.587928141877,75.363027096674,124.881832155688
"746","ZW",2013-02-15,47.2805109049659,24.2606074892241,91.4824506512779,19.8068037196874,134.310415596798
"747","ZW",2013-03-16,45.5810135466765,23.9933597959321,67.3399213678404,0.553971091853135,92.4504628674737
"748","ZW",2013-04-16,4.40451019024075,21.3403067753233,26.544273866201,0.0083313794936083,67.9269126941418
"749","ZW",2013-05-16,1.04132717910943,18.2336815143454,4.64855802400617,1.67362676958539e-05,54.9153957202517
"750","ZW",2013-06-16,2.28064778741163,17.5151814427869,2.22091601693231,0,54.3171887151126
"751","ZW",2013-07-16,1.87860400908527,15.4804808517982,1.92830097375291,2.55659120632366e-05,54.3612774733839
"752","ZW",2013-08-16,0.570553180245403,18.4414757037985,0.614269949076139,3.58190507599271e-06,54.317950889982
"753","ZW",2013-09-16,5.10714327251976,23.9901396652748,3.92552549354166,0,54.3509601149066
"754","ZW",2013-10-16,13.2208766238709,26.1724932440396,14.4160966552841,3.55170391373201e-06,54.6153461850923
"755","ZW",2013-11-16,87.3644911495423,26.2163454253098,81.4582382304722,0.0838718512282256,57.7350066037014
"756","ZW",2013-12-16,305.36618967388,23.2982414508688,134.131051851276,94.7820721395462,84.9375483743076
"757","ZW",2014-01-16,226.744030635194,23.3326752761315,140.211008388975,91.396982924034,142.868963833513
"758","ZW",2014-02-15,134.383968958342,23.3451890616581,113.365481194141,8.37056966062831,124.297676283738
"759","ZW",2014-03-16,71.8987257955977,22.2697769691204,107.594143287359,7.65077676710397,119.187608069387
"760","ZW",2014-04-16,3.92994363824857,21.8563158758756,34.807360030378,0.405331500359404,83.2036840093547
"761","ZW",2014-05-16,8.610161215231,17.4269840635102,18.77852848806,0.00746718845737316,62.9583383510853
"762","ZW",2014-06-16,2.75795648639328,13.671165203226,7.6295362346643,1.18031875308049e-05,56.7818851635374
"763","ZW",2014-07-16,1.80587882981666,14.7821918356008,2.15475103353536,2.57370798604141e-05,54.3714398515636
"764","ZW",2014-08-16,4.85455732050155,18.9881839094491,4.89609947060609,3.66127897654839e-06,54.3765952669341
"765","ZW",2014-09-16,0.69355957004228,22.6964190252896,0.688155915752461,0,54.2833999683117
"766","ZW",2014-10-16,3.71164847067811,27.4504331391433,3.75394009739341,3.0111037180888e-06,54.2964155756194
"767","ZW",2014-11-16,265.851877517356,24.8381989577721,118.717750016568,92.3224128041981,72.7798591153375
"768","ZW",2014-12-16,123.840826080213,23.9625722950902,143.522521407054,2.22920727046465,92.7958736090824
"769","ZW",2015-01-16,135.540434706089,24.3964791133486,140.039124555589,5.95990231050909,85.877235371491
"770","ZW",2015-02-15,62.8202591918345,25.2591536949421,71.2081875969206,0.0100570747016373,66.0356260579208
"771","ZW",2015-03-16,58.0315279118026,24.5880953032395,68.4038656763231,0.00683150469843808,66.480382434253
"772","ZW",2015-04-16,1.10579058127769,23.8146562247441,4.70547323335142,6.56272939440426e-06,55.3389331061265
"773","ZW",2015-05-16,5.24931375146103,19.4456329345703,5.27679241590547,1.07026047679487e-05,54.543608509261
"774","ZW",2015-06-16,6.89603067201397,15.9299153295057,6.84409974357926,1.16740781179889e-05,54.4936828037788
"775","ZW",2015-07-16,0.896354549699309,14.7346922775795,0.947650810451643,3.61745395018186e-06,54.3157303662136
"776","ZW",2015-08-16,0.519217341864391,16.0354356436894,0.536396442779388,0,54.2987946559643
"777","ZW",2015-09-16,2.26705049711764,24.0031143714642,2.27791592551355,3.50321754364068e-06,54.3154388542833
"778","ZW",2015-10-16,3.00374918488787,26.4290329505657,3.01740186750662,4.28293919295625e-06,54.2911739102725
"779","ZW",2015-11-16,81.609359934348,27.0805879790207,75.9746089802477,7.42328639937039e-06,56.0501843731979
"780","ZW",2015-12-16,144.446239470111,24.3778070910224,143.628867685088,1.92400468037767,70.6981562910409
"781","ZW",2016-01-16,468.017175468488,23.8535093110183,134.459957959339,227.328004189037,119.504754099353
"782","ZW",2016-02-15,154.724359890679,23.5097524708715,127.984286664287,61.7704642794479,162.478765191703
"783","ZW",2016-03-15,103.598123796059,22.6112313106142,112.299638323622,6.49114181793415,129.768375248745
"784","ZW",2016-04-15,9.05879502985546,20.5105048870218,36.2629260660093,0.839641049110013,101.280462651417
"785","ZW",2016-05-15,5.10729100233534,17.5453443856075,28.3796147837636,0.0132961616527837,76.2933606937014
"786","ZW",2016-06-15,1.03415975453227,14.7148616396148,11.0695002017094,7.83140290547747e-06,57.2982053674501
"787","ZW",2016-07-15,0.653085531051006,17.0825632029566,0.972490948598879,4.35580605377731e-06,54.4140531852328
"788","ZW",2016-08-15,0.755735241241461,18.4628964128165,0.784702505619203,0,54.3046546640067
"789","ZW",2016-09-15,2.0746629863644,24.9832469019397,2.09602306100696,7.22204041397698e-06,54.3008905772505
"790","ZW",2016-10-15,26.5637345955023,27.5218942576441,26.4658513688432,0,55.0187113942771
"791","ZW",2016-11-15,188.134334164527,24.1081337764346,132.106734301237,9.28328398207402,70.1324763626888
"792","ZW",2016-12-16,152.444023862561,23.9459086451037,151.788760700608,11.8821568114009,106.753956038376
"793","ZW",2017-01-16,141.468165686619,24.077497811153,135.962214720122,6.2681496378186,89.6872963083201
"794","ZW",2017-02-15,171.347112956874,23.8495746481008,113.209862093409,40.6956369538193,119.079397990786
"795","ZW",2017-03-16,14.6564727536315,25.771533308358,50.9145315004044,0.528475391788762,83.4169042439296
"796","ZW",2017-04-16,3.91475162532202,22.3928012190194,16.4596757087315,0.00687871346359032,63.0506801029731
"797","ZW",2017-05-16,11.356881557593,20.7396498055294,14.1514908398425,1.18616614875161e-05,55.3985581562437
"798","ZW",2017-06-16,2.71620364376225,17.0354708967538,2.85636080385804,1.12763541952275e-05,54.3507238338734
"799","ZW",2017-07-16,0.429790045310757,14.4542836156385,0.454215137776749,1.05289747610248e-05,54.3157126492467
"800","ZW",2017-08-16,1.10874422721595,17.4715497247104,1.12871276608075,7.63423128162186e-06,54.2957724291703
"801","ZW",2017-09-16,1.4295027855661,22.4514696844693,1.44378925509845,0,54.3016401734845
"802","ZW",2017-10-16,2.93235402499202,26.5108458420326,2.92587946710777,0,54.2688786572423
"803","ZW",2017-11-16,125.814746956919,26.4143313703866,103.931085310941,2.47566554628128,59.4866277842686
"804","ZW",2017-12-16,162.099103890119,24.0680015827048,136.426029012113,17.5324034737688,83.3989899733971
"805","ZW",2018-01-16,108.472048935023,25.4857067239695,109.563427663745,2.28892874918304,74.0666329942901
"806","ZW",2018-02-15,210.804795230546,24.0069132837756,128.2431259382,38.7980964626392,87.2117023468018
"807","ZW",2018-03-16,84.8347135172185,22.3844604492188,112.322147044851,12.0008468617362,103.281238046186
"808","ZW",2018-04-16,9.63627468523743,21.2592620849609,27.7262218461491,0.369869896578424,71.2963664696134
"809","ZW",2018-05-16,5.00541113670838,18.403838585163,11.5864569303273,0.00749740804711409,60.2060114433026
"810","ZW",2018-06-16,2.820321989028,15.5423468228044,6.14465523333287,1.07129567286167e-05,55.765775581886
"811","ZW",2018-07-16,3.19796383737569,15.543370740167,3.23401202147203,2.86950204838867e-05,54.3096131785163
"812","ZW",2018-08-16,4.58497961016417,19.3159342798693,4.60401972488931,3.37235000614433e-06,54.459545406802
"813","ZW",2018-09-16,2.08937909423545,22.9373716157058,2.11754059185703,0,54.3025189268178
"814","ZW",2018-10-16,16.7367422166692,26.1462076121363,15.174894195611,0,54.5009866911789
"815","ZW",2018-11-16,72.5440135394255,27.274947593952,69.9277395464817,1.05406595176354e-05,55.5403778799649
"816","ZW",2018-12-16,192.140185617408,23.8223229770003,138.904050035314,9.52370614819536,71.8194425681542
"817","ZW",2019-01-16,72.7772927307122,25.1304226579337,107.806302277484,4.04065994841912,85.3021979989677
"818","ZW",2019-02-15,67.9785048143521,26.1442302835399,74.0772571358509,0.00976009268169569,60.7331692021469
"819","ZW",2019-03-16,68.691668222841,24.2719742347454,67.1744964375554,1.22910969533491,64.8402318790041
"820","ZW",2019-04-16,1.96651786491829,24.6860946129108,4.91964303524457,1.53714872554693e-05,54.941820013112
"821","ZW",2019-05-16,2.09339399244245,19.9411215946592,2.11538178311677,3.01411925211818e-05,54.3097259751682
"822","ZW",2019-06-16,2.14348098191702,14.6614421976024,2.15414873968382,0,54.2935725820476
"823","ZW",2019-07-16,1.04835542414047,16.7820997567013,1.07482152958208,9.8183318096435e-06,54.285534669613
"824","ZW",2019-08-16,0.128541405871815,18.7764750513537,0.13635378882335,0,54.2784320321576
"825","ZW",2019-09-16,1.55325199328468,23.0666661755792,1.55888408901241,0,54.2705178096377
"826","ZW",2019-10-16,11.6945043540533,26.5407909524852,11.6096464846813,0,54.362466146206
"827","ZW",2019-11-16,139.687242590549,25.3215952906115,128.492504079296,2.45976322887522,61.137884896377
"828","ZW",2019-12-16,233.569293283729,23.6276392443427,153.078668128001,27.8589093106881,88.029136164435
"829","ZW",2020-01-16,164.159718762425,23.7465872929014,150.033221060234,22.9523923660292,106.150999792691
"830","ZW",2020-02-15,84.3877861218061,24.5948502113079,111.301976098912,1.69085435143188,92.7340340121039
"831","ZW",2020-03-15,5.08226452993767,25.736407049771,22.0682830700188,0.0922475979655197,68.0854476649186
"832","ZW",2020-04-15,10.1715061750995,24.1371354727909,16.8139021365717,6.53206553674432e-05,58.4220141542369
"833","ZW",2020-05-15,1.96339829595233,19.8998155265019,3.1175933317674,8.39427800373275e-06,54.7731785774231
"834","ZW",2020-06-15,0.959150645830332,17.1337753822064,1.06327129706501,0,54.3351316205386
"835","ZW",2020-07-15,1.29536916705594,16.0063381852775,1.31363302174232,6.49064380173682e-06,54.3099545117082
"836","ZW",2020-08-15,0.628157886241109,18.9225016626818,0.651662781285722,0,54.2926928832613
"837","ZW",2020-09-15,0.897219142616293,25.1108235326307,0.913075447654372,3.92901917897089e-06,54.2768264803393
"838","ZW",2020-10-15,0.591989974059445,26.7510691675647,0.520837363064504,2.91747469975726e-06,54.265318336158
"839","ZW",2020-11-15,119.544494935263,27.0444309629243,96.1271733796256,1.21627166637155,64.5683480953348
"840","ZW",2020-12-16,196.339974043176,24.0250954463564,158.492645833055,9.0711983283027,96.1583591658494
"841","ZW",2021-01-16,161.030523849507,23.7719721300849,145.000262694345,13.625780284947,104.540233579175
"842","ZW",2021-02-15,269.560363114779,23.7913839405981,122.102723271458,129.716800327894,134.790757804081
"843","ZW",2021-03-16,46.0233374875127,24.0258715399381,85.5375894596238,2.78069604841344,99.7034755246393
"844","ZW",2021-04-16,4.50532737808128,20.8308963117929,23.9974426816028,0.114645581709831,70.9879879540411
"845","ZW",2021-05-16,2.32151449866031,18.3189050082503,10.65469891964,5.44217208677122e-05,59.138433209781
"846","ZW",2021-06-16,3.04189686938054,15.3553098481277,3.82302791641795,7.10934814466766e-06,54.4498714331923
"847","ZW",2021-07-16,1.36860591616494,14.8274562441069,1.51215935398356,1.40437817375272e-05,54.385047074022
"848","ZW",2021-08-16,0.830339980037785,18.2281273151266,0.861990136487011,0,54.3124551937498
"849","ZW",2021-09-16,0.460092214183305,22.1143193738214,0.490441830150162,3.01328882535634e-06,54.2852173838122
"850","ZW",2021-10-16,6.53383033951004,29.0436138284617,6.49565677591956,7.33642951217059e-06,54.3018986767736
"851","ZW",2021-11-16,76.0779908500965,27.3406693031048,63.4562545947747,0.577604532077987,56.5980470262725
"852","ZW",2021-12-16,157.56756311126,24.1201392864359,136.482409762765,10.9464322454422,79.5788430838749
"853","ZW",2022-01-16,133.678779282792,25.1369639429553,127.481443445592,13.2438427482737,75.4718680710628
"854","ZW",2022-02-15,150.460949113014,24.103872364965,122.925270341562,2.97619068383185,82.899958544764
"855","ZW",2022-03-16,77.792350429608,23.4113027638402,106.300190687561,0.550971379581123,77.2797200022073
"856","ZW",2022-04-16,3.13833894763555,22.0427956416689,13.6869908368179,0.00855833285771025,57.1191267145091
"857","ZW",2022-05-16,4.05691974740343,18.9783961855132,4.08298438492395,4.21661013346998e-06,54.4136365035485
"858","ZW",2022-06-16,2.22345986964589,17.2163585794383,2.18799402236512,5.58888783528695e-06,54.384389770442
"859","ZW",2022-07-16,2.06504322104749,15.4452593573209,2.14863852803664,2.39475003792584e-06,54.3683554961764
"860","ZW",2022-08-16,0.584118812621612,17.7573147477775,0.621444565839785,0,54.3237878371929
"861","ZW",2022-09-16,0.0620629035325272,22.6190601217336,0.0930369095386421,4.10246312782927e-06,54.2901860927713
"862","ZW",2022-10-16,2.20766817632043,27.9891473178206,2.17876466408754,0,54.3702860947313
"863","ZW",2022-11-16,48.5341468332175,27.2459806244949,46.7206665519464,4.11207302691266e-06,56.5192100344033
"864","ZW",2022-12-16,153.456096313011,25.3188339759564,122.984667780713,0.805977144948978,58.0495615498773
"865","ZW",2023-01-16,113.656236285922,26.0856691557785,101.942894216988,4.77075641905497,68.986767497556
"866","ZW",2023-02-15,138.821767816513,24.8365510085533,121.125054357027,15.8245880263552,82.6002852670078
"867","ZW",2023-03-16,29.2952624624314,26.0331547178071,66.768505002657,1.44433307977786,69.2106245632829
"868","ZW",2023-04-16,2.64494444572533,24.3761107346107,3.99144057174171,1.3438182704537e-05,54.5178643012869
"869","ZW",2023-05-16,2.29072336473548,20.0090516189049,2.32573216177617,0,54.3274227339646
"870","ZW",2023-06-16,0.552632316823982,17.3804026636584,0.578573347042791,0,54.3038884195788
"871","ZW",2023-07-16,0.807814517772135,16.3936651821794,0.818097057257828,1.37960021751421e-05,54.2908369590496
"872","ZW",2023-08-16,0.0687411640513504,20.2327528328731,0.0805025237296083,0,54.2794382654387
"873","ZW",2023-09-16,0.0450632524112589,22.89246552566,0.0540108010664918,3.64081306482444e-06,54.2705230877317
"874","ZW",2023-10-16,5.74863467769821,27.6090682457233,5.7490795819831,0,54.2830922603607
"875","ZW",2023-11-16,48.4421766987311,28.1117101208917,40.2903961226473,0,55.1891189197014
"876","ZW",2023-12-16,51.7584758584893,28.0204446726832,58.3522257395089,0,56.0082743578944
"877","ZW",2024-01-16,168.526281657275,25.4878966232826,147.667812186912,4.65909039165377,67.2776147250471
"878","ZW",2024-02-15,175.44411586714,24.1038008065059,124.649453395978,17.3063288644499,88.3362148219141
"879","ZW",2024-03-15,30.9580560443433,24.8355776030442,74.5215113987295,0.872535159169813,75.5309204068677
"880","ZW",2024-04-15,17.6285478096518,24.6335996430496,23.2068449963819,3.95454944652609e-06,56.4964154342125
"881","ZW",2024-05-15,3.31608189434174,20.5464945826037,3.36198207627102,3.95974436343653e-06,54.3752408274289
"882","ZW",2024-06-15,4.3553489902416,15.9749740074421,4.34197141350586,0,54.3443328018846
"883","ZW",2024-07-15,0.733640840868749,15.0942961594154,0.788344950436912,1.28514223814493e-05,54.2941642629689
"884","ZW",2024-08-15,4.27146081347018,19.6175363474879,4.21947442712829,0,54.4797385149989
"885","ZW",2024-09-15,0.234253624661317,22.8545742692618,0.286060157312979,0,54.3150317668915
"886","ZW",2024-10-15,13.6616264422753,27.3018304232893,11.9553769823863,0,54.3865316900714
"887","ZW",2024-11-15,82.6832396500134,26.5309264084389,78.5206878308913,0,57.0596396265359
"888","ZW",2024-12-16,166.797178562987,23.0550910686624,142.175086633431,5.92290057299886,76.2630344259328
"889","ZW",2025-01-16,135.666372228598,24.6416478650323,128.538367187139,21.8059119840951,78.1069249613532
"890","ZW",2025-02-15,47.7569571983246,25.5159359635978,56.3692073076803,0.0470701693020287,60.1308747735517
"891","ZW",2025-03-16,21.6035446660906,25.7210719667632,22.7442679125896,0,55.0572981505558
"892","ZW",2025-04-16,1.4532936350265,23.7189920359644,1.4927688611555,2.53103872343544e-06,54.3444024612164
"893","ZW",2025-05-16,8.44790397573449,18.8780228187298,8.36573671049023,2.36869063673717e-05,54.5879650527033
"894","ZW",2025-06-16,3.13881640577479,16.5152487919248,3.21038457316498,4.36336584105625e-06,54.408314803551
"895","ZW",2025-07-16,1.17831085066082,15.6485301050647,1.22141356512437,1.46999266690185e-05,54.3445750680463
"896","ZW",2025-08-16,0.308206274580071,17.6552871177936,0.339804930532519,0,54.3127122911914
"897","ZW",2025-09-16,0.293104420540329,24.8929638040477,0.316941327618036,0,54.2872741304595
"898","ZW",2025-10-16,21.9964990362471,28.4730671849744,16.5903933923456,1.43327357017314e-05,54.5213764453756
"899","ZW",2025-11-16,78.8051228737459,25.1556280728044,83.4927436080761,4.34245291449336e-06,61.8963639489536
"900","ZW",2025-12-16,212.286958255371,25.3551577864022,122.064367832479,25.1204055229614,85.5089646865582
"901","ZW",2026-01-16,211.133822460723,24.3411381162446,148.749333889633,41.1842936903343,116.519768155854
"902","ZW",2026-02-15,152.096845147778,24.2336241623451,116.185758681165,67.3693317640421,134.745443705855
"903","ZW",2026-03-16,114.901688900688,23.5726402545798,106.116407376048,14.4449893351681,119.624422451545
"904","ZW",2026-04-16,34.6420624412311,21.1350792194235,56.1310386971133,3.02589512327361,95.824646127635
"905","ZW",2026-05-16,9.77092392847759,17.5071695261988,22.8317924461815,0.387287538028766,72.1850192957911
"906","ZW",2026-06-16,4.93218950800681,15.5649498248923,11.6743842510036,0.0110370417665951,62.6971016670095
"907","ZW",2026-07-16,1.38352456840337,15.6649164660224,6.51411874121722,0,56.4551266226275
"908","ZW",2026-08-16,0.0870526223447486,20.2300241404566,0.127911250185838,0,54.3124354132291
"909","ZW",2026-09-16,0.455719301412657,24.0330421184671,0.437229996781878,4.10234281028024e-06,54.2837915338319
"910","ZW",2026-10-16,11.3436671485347,27.9438018798828,11.1510077487388,0,54.5448514346419
"911","ZW",2026-11-16,133.340274911085,25.4920101823478,125.454736755085,0,59.6752751695699
"912","ZW",2026-12-16,151.878203891804,25.1017903295057,150.344776699183,0.133535881217665,63.7822465321113
"913","ZW",2027-01-16,137.144997360482,25.7612899254108,132.231164647363,1.18202933126354,67.6815447560672
"914","ZW",2027-02-15,146.816556005546,25.3549799425849,118.745186261768,3.68955034373004,69.4515501548504
"915","ZW",2027-03-16,70.814023067139,24.3974041116649,99.6686280163101,1.50580539237055,75.6469454929746
"916","ZW",2027-04-16,8.4553488103007,23.6805335735452,15.5720152731725,0.00300014931050087,56.4498251388813
"917","ZW",2027-05-16,3.20694188157772,19.6747036637931,3.31372056631968,0,54.386050668256
"918","ZW",2027-06-16,0.641514502337392,16.4904348439184,0.674083815754094,1.06464198836175e-05,54.3214380905546
"919","ZW",2027-07-16,0.668605953360227,15.7758910080482,0.682567062446243,3.19456109496498e-06,54.3018306452652
"920","ZW",2027-08-16,0.305224919518541,17.1968089136584,0.317869961217074,0,54.2890547966135
"921","ZW",2027-09-16,1.87584584804865,23.8048306169181,1.31369995885726,0,54.2772099971771
"922","ZW",2027-10-16,1.99054454808447,28.6623161579001,2.57978030073022,7.49590149261914e-06,54.2953926777018
"923","ZW",2027-11-16,69.2830269389529,27.4583513983365,63.249932584987,0,57.2390215314668
"924","ZW",2027-12-16,109.353051146749,26.0747680664062,80.1097002321983,1.05548144973245,59.7601435102265
"925","ZW",2028-01-16,450.506189021539,23.828072383486,142.777376743596,218.155966529981,153.733728343043
"926","ZW",2028-02-15,207.921093923505,22.8865582696322,132.883772731293,85.1677615544759,177.428026988589
"927","ZW",2028-03-15,28.0883884629443,23.021630648909,77.9800571139966,11.1872992812096,132.872404361593
"928","ZW",2028-04-15,3.79420277636984,21.9917470997777,30.6197592461668,0.283208048245439,93.1203110793541
"929","ZW",2028-05-15,2.30949816123343,19.2111463875606,25.1144811605157,0.000808599220670436,67.7460278231522
"930","ZW",2028-06-15,0.297764301094581,15.3488269674367,2.50698023160112,0,55.627554030254
"931","ZW",2028-07-15,1.8038485773308,16.5053768815665,2.4355667357064,2.99406275289812e-06,54.7429479894967
"932","ZW",2028-08-15,0.371158244430764,18.785937605233,0.53983110783559,0,54.3056359044437
"933","ZW",2028-09-15,1.22491123843717,23.0731169601967,1.23616304586778,4.39512936390268e-06,54.2937674111333
"934","ZW",2028-10-15,14.11729446142,28.1074797531654,10.0435551674811,6.58899056006012e-06,54.4208410443931
"935","ZW",2028-11-15,119.422814277892,26.7427189267915,83.4359437586531,10.8852083601152,63.8981153471717
"936","ZW",2028-12-16,158.88318821551,23.8168571735251,140.962958370199,25.7174320711956,84.5954487241548
"937","ZW",2029-01-16,207.361765090047,24.4189184780778,155.562223049868,16.7648120598758,83.4626974237376
"938","ZW",2029-02-15,202.493908716334,23.7658265212486,119.488986702796,99.8785912737295,116.123455968396
"939","ZW",2029-03-16,43.1980747809325,24.2107964877425,69.6177138749245,0.127027514284056,77.0782138150314
"940","ZW",2029-04-16,4.89148583741992,22.7250602985251,16.6229061081861,0.000367958631288494,59.103580113115
"941","ZW",2029-05-16,8.07829545707952,19.8407918995824,9.06639828230693,1.22218067666324e-05,55.096228517335
"942","ZW",2029-06-16,2.24566257747154,16.1823177995353,2.49044577323479,8.58452192090418e-06,54.3682276216047
"943","ZW",2029-07-16,6.8261705275353,15.2965498299434,6.68470403739022,5.5021511829437e-06,54.4436075769622
"944","ZW",2029-08-16,0.24688726434055,19.3181994207974,0.416365781436447,0,54.3175864548519
"945","ZW",2029-09-16,0.492593740544039,22.3213211585735,0.513660775182196,0,54.281987050484
"946","ZW",2029-10-16,27.519121754474,27.9456823940935,26.8349904448079,0,54.5924652938185
"947","ZW",2029-11-16,136.443095052904,26.6250947097252,114.495050418994,0,62.1120314598083
"948","ZW",2029-12-16,96.0433528557869,25.1247142923289,116.564218051619,8.92528346402491e-05,70.8832021252862
"949","ZW",2030-01-16,252.560313537131,25.7415997735385,139.375127443305,40.0542350564672,73.4231121129003
"950","ZW",2030-02-15,82.6464908105193,25.4373889791555,108.24716152816,24.1036668072783,107.510799013335
"951","ZW",2030-03-16,10.0192922862648,26.6093139648438,31.9027629962373,0.0216776381134288,65.8347345056205
"952","ZW",2030-04-16,10.2175827494899,23.6509620403421,13.7871068297406,2.51481911157494e-06,55.7648004005695
"953","ZW",2030-05-16,2.40103208599411,20.7827958731816,2.1348862309894,1.94156415221109e-05,54.3157022328212
"954","ZW",2030-06-16,1.34948907618215,16.7306134454135,1.68450932883859,1.27469100102781e-05,54.3052844919007
"955","ZW",2030-07-16,0.659349236951224,17.4812027503704,0.672425137762228,5.42815863981665e-06,54.2816640590799
"956","ZW",2030-08-16,0.223150221199659,19.1252757105334,0.230605357629945,0,54.2731123463861
"957","ZW",2030-09-16,27.7408088048356,24.1983558391702,13.1426707606618,3.55831925993387e-06,55.8458246033767
"958","ZW",2030-10-16,29.7860355684955,27.2455328579607,36.4966925868367,6.44342025941887e-06,56.326045735129
"959","ZW",2030-11-16,98.1496258875644,26.4336710962756,93.9985835956859,0.122834101634437,58.28373132903
"960","ZW",2030-12-16,201.728479350427,24.9254902806775,138.334506358911,32.3921159250262,71.1626790474201
